[{"@type":"mtTask","id":"@1","name":"Mt_COMEX_DILIGENCIAS_ENTRANTES","description":"","runtimeEnvironmentId":"@2KlpZ4hk80PgrgH0CxoRcH","maxLogs":10,"verbose":false,"lastRunTime":1683176958000,"mappingId":"@7vpfuz7S4Eqgx2JzJli2Gp","frsGuid":"aSdcinbC05ueBokHFMJgoy","shortDescription":"","sessionPropertiesList":[{"name":"Allow Temporary Sequence for Pushdown","value":"NO","recommended":false},{"name":"Allow Temporary View for Pushdown","value":"NO","recommended":false},{"name":"Pushdown Optimization","value":"Full","recommended":false},{"name":"Pushdown Optimization Context","value":"None","recommended":false},{"name":"Run Only In Pushdown Mode","value":"NO","recommended":false}],"enableCrossSchemaPushdown":true,"enableParallelRun":true,"autoTunedApplied":false,"autoTunedAppliedType":"NONE","paramFileType":"PARAM_FILE_LOCAL","schemaMode":"async","valid":true,"schemaValidationErrorCount":-1,"parameterFileEncoding":"UTF-8","serverlessProperties":{},"taskProperties":[{"@type":"taskProperty","name":"parameterFileDir","currentValue":"","type":"STRING","label":"label.parameterFileDir","required":false},{"@type":"taskProperty","name":"parameterFileName","currentValue":"","type":"STRING","label":"label.parameterFileName","required":false}],"parameters":[{"@type":"mtTaskParameter","id":765924634,"name":"$Sc_BANKTRADE_SQL$","type":"EXTENDED_SOURCE","label":"Sc_BANKTRADE_SQL","uiProperties":{"connectionParameterized":"false","isSelectDistinct":"false","isMsrcFilterParameterized":"false","isMsrcSortParameterized":"false","objectParameterized":"false","visible":"false","originalPath":"Sc_BANKTRADE_SQL"},"sourceConnectionId":"@4u8ZFAkJ52ql7a7mh1CcCv","newFlatFile":false,"newObject":false,"showBusinessNames":false,"naturalOrder":true,"truncateTarget":false,"bulkApiDBTarget":false,"srcFFAttrs":{"@type":"flatFileAttrs","id":83596840,"delimiter":",","textQualifier":"\"","escapeChar":"","headerLineNo":1,"firstDataRow":2},"customFuncCfg":{"@type":"customFuncConfig","id":-1,"connections":[],"inputMap":[],"outputFields":[]},"targetRefsV2":{},"targetUpdateColumns":[],"extendedObject":{"@type":"extendedObject","object":{"@type":"mObject","name":"dummy_file.txt","label":"dummy_file.txt","metadataUpdated":false,"relations":[],"children":[]},"singleMode":true,"objects":[{"@type":"mObject","name":"dummy_file.txt","label":"dummy_file.txt","metadataUpdated":false,"relations":[],"children":[]}],"filters":[],"sortFields":[]},"runtimeAttrs":{},"isRESTModernSource":true,"isFileList":false,"handleSpecialChars":false,"handleDecimalRoundOff":false,"frsAsset":false,"dynamicFileName":false,"excludeDynamicFileNameField":false,"currentlyProcessedFileName":false,"retainFieldMetadata":false,"useExactSrcNames":false,"fetchMode":"ORIGINAL","tgtObjectAttributes":{},"runtimeParameterData":{"@type":"mtTaskRuntimeParameterData","isConnectionRuntimeParameter":false,"isObjectRuntimeParameter":false},"overridableProperties":[],"overriddenFields":[]},{"@type":"mtTaskParameter","id":765924637,"name":"$Sc_BCRCOMERCIAL$","type":"EXTENDED_SOURCE","label":"Sc_BCRCOMERCIAL","uiProperties":{"connectionParameterized":"false","isSelectDistinct":"true","isMsrcFilterParameterized":"false","isMsrcSortParameterized":"false","objectParameterized":"false","visible":"false","originalPath":"Sc_BCRCOMERCIAL"},"sourceConnectionId":"@46cML5agGe5b97jqRYHfyo","newFlatFile":false,"newObject":false,"showBusinessNames":false,"naturalOrder":true,"truncateTarget":false,"bulkApiDBTarget":false,"customFuncCfg":{"@type":"customFuncConfig","id":-1,"connections":[],"inputMap":[],"outputFields":[]},"targetRefsV2":{},"targetUpdateColumns":[],"extendedObject":{"@type":"extendedObject","object":{"@type":"mObject","name":"DL_BCRCOMERCIAL_CLIENTES_RAW","label":"DL_BCRCOMERCIAL_CLIENTES_RAW","metadataUpdated":false,"relations":[],"children":[]},"singleMode":true,"objects":[{"@type":"mObject","name":"DL_BCRCOMERCIAL_CLIENTES_RAW","label":"DL_BCRCOMERCIAL_CLIENTES_RAW","metadataUpdated":false,"relations":[],"children":[]}],"filters":[],"sortFields":[]},"runtimeAttrs":{},"isRESTModernSource":true,"isFileList":false,"handleSpecialChars":false,"handleDecimalRoundOff":false,"frsAsset":false,"dynamicFileName":false,"excludeDynamicFileNameField":false,"currentlyProcessedFileName":false,"retainFieldMetadata":false,"useExactSrcNames":false,"fetchMode":"ORIGINAL","tgtObjectAttributes":{},"runtimeParameterData":{"@type":"mtTaskRuntimeParameterData","isConnectionRuntimeParameter":false,"isObjectRuntimeParameter":false},"overridableProperties":[],"overriddenFields":[]},{"@type":"mtTaskParameter","id":765924640,"name":"$Sc_DIM_CLIENTES_BCR$","type":"EXTENDED_SOURCE","label":"Sc_DIM_CLIENTES_BCR","uiProperties":{"connectionParameterized":"false","isSelectDistinct":"false","isMsrcFilterParameterized":"false","isMsrcSortParameterized":"false","objectParameterized":"false","visible":"false","originalPath":"Sc_DIM_CLIENTES_BCR"},"sourceConnectionId":"@46cML5agGe5b97jqRYHfyo","newFlatFile":false,"newObject":false,"showBusinessNames":false,"naturalOrder":true,"truncateTarget":false,"bulkApiDBTarget":false,"customFuncCfg":{"@type":"customFuncConfig","id":-1,"connections":[],"inputMap":[],"outputFields":[]},"targetRefsV2":{},"targetUpdateColumns":[],"extendedObject":{"@type":"extendedObject","object":{"@type":"mObject","name":"DWH_DIM_CLIENTES_BCR","label":"DWH_DIM_CLIENTES_BCR","metadataUpdated":false,"relations":[],"children":[]},"singleMode":true,"objects":[{"@type":"mObject","name":"DWH_DIM_CLIENTES_BCR","label":"DWH_DIM_CLIENTES_BCR","metadataUpdated":false,"relations":[],"children":[]}],"filters":[],"sortFields":[]},"runtimeAttrs":{},"isRESTModernSource":true,"isFileList":false,"handleSpecialChars":false,"handleDecimalRoundOff":false,"frsAsset":false,"dynamicFileName":false,"excludeDynamicFileNameField":false,"currentlyProcessedFileName":false,"retainFieldMetadata":false,"useExactSrcNames":false,"fetchMode":"ORIGINAL","tgtObjectAttributes":{},"runtimeParameterData":{"@type":"mtTaskRuntimeParameterData","isConnectionRuntimeParameter":false,"isObjectRuntimeParameter":false},"overridableProperties":[],"overriddenFields":[]},{"@type":"mtTaskParameter","id":765924643,"name":"$Sc_EB_CLIENTES$","type":"EXTENDED_SOURCE","label":"Sc_EB_CLIENTES","uiProperties":{"connectionParameterized":"false","isSelectDistinct":"false","isMsrcFilterParameterized":"false","isMsrcSortParameterized":"false","objectParameterized":"false","visible":"false","originalPath":"Sc_EB_CLIENTES"},"sourceConnectionId":"@46cML5agGe5b97jqRYHfyo","newFlatFile":false,"newObject":false,"showBusinessNames":false,"naturalOrder":true,"truncateTarget":false,"bulkApiDBTarget":false,"customFuncCfg":{"@type":"customFuncConfig","id":-1,"connections":[],"inputMap":[],"outputFields":[]},"targetRefsV2":{},"targetUpdateColumns":[],"extendedObject":{"@type":"extendedObject","object":{"@type":"mObject","name":"STA_EB_CLIENTES","label":"STA_EB_CLIENTES","metadataUpdated":false,"relations":[],"children":[]},"advancedFilterExpression":"STA_EB_CLIENTES.IDENTIFICACION_SICC  IS NOT NULL","singleMode":true,"objects":[{"@type":"mObject","name":"STA_EB_CLIENTES","label":"STA_EB_CLIENTES","metadataUpdated":false,"relations":[],"children":[]}],"filters":[],"sortFields":[]},"runtimeAttrs":{},"isRESTModernSource":true,"isFileList":false,"handleSpecialChars":false,"handleDecimalRoundOff":false,"frsAsset":false,"dynamicFileName":false,"excludeDynamicFileNameField":false,"currentlyProcessedFileName":false,"retainFieldMetadata":false,"useExactSrcNames":false,"fetchMode":"ORIGINAL","tgtObjectAttributes":{},"runtimeParameterData":{"@type":"mtTaskRuntimeParameterData","isConnectionRuntimeParameter":false,"isObjectRuntimeParameter":false},"overridableProperties":[],"overriddenFields":[]},{"@type":"mtTaskParameter","id":765924646,"name":"$Sc_RUC_CAT_ELEMENTO$","type":"EXTENDED_SOURCE","label":"Sc_RUC_CAT_ELEMENTO","uiProperties":{"connectionParameterized":"false","isSelectDistinct":"false","isMsrcFilterParameterized":"false","isMsrcSortParameterized":"false","objectParameterized":"false","visible":"false","originalPath":"Sc_RUC_CAT_ELEMENTO"},"sourceConnectionId":"@46cML5agGe5b97jqRYHfyo","newFlatFile":false,"newObject":false,"showBusinessNames":false,"naturalOrder":true,"truncateTarget":false,"bulkApiDBTarget":false,"customFuncCfg":{"@type":"customFuncConfig","id":-1,"connections":[],"inputMap":[],"outputFields":[]},"targetRefsV2":{},"targetUpdateColumns":[],"extendedObject":{"@type":"extendedObject","object":{"@type":"mObject","name":"RUC_CAT_ELEMENTO","label":"RUC_CAT_ELEMENTO","metadataUpdated":false,"relations":[],"children":[]},"singleMode":true,"objects":[{"@type":"mObject","name":"RUC_CAT_ELEMENTO","label":"RUC_CAT_ELEMENTO","metadataUpdated":false,"relations":[],"children":[]}],"filters":[],"sortFields":[]},"runtimeAttrs":{},"isRESTModernSource":true,"isFileList":false,"handleSpecialChars":false,"handleDecimalRoundOff":false,"frsAsset":false,"dynamicFileName":false,"excludeDynamicFileNameField":false,"currentlyProcessedFileName":false,"retainFieldMetadata":false,"useExactSrcNames":false,"fetchMode":"ORIGINAL","tgtObjectAttributes":{},"runtimeParameterData":{"@type":"mtTaskRuntimeParameterData","isConnectionRuntimeParameter":false,"isObjectRuntimeParameter":false},"overridableProperties":[],"overriddenFields":[]},{"@type":"mtTaskParameter","id":765924649,"name":"$Sc_RUC_Cliente_Fis$","type":"EXTENDED_SOURCE","label":"Sc_RUC_Cliente_Fis","uiProperties":{"connectionParameterized":"false","isSelectDistinct":"false","isMsrcFilterParameterized":"false","isMsrcSortParameterized":"false","objectParameterized":"false","visible":"false","originalPath":"Sc_RUC_Cliente_Fis"},"sourceConnectionId":"@46cML5agGe5b97jqRYHfyo","newFlatFile":false,"newObject":false,"showBusinessNames":false,"naturalOrder":true,"truncateTarget":false,"bulkApiDBTarget":false,"customFuncCfg":{"@type":"customFuncConfig","id":-1,"connections":[],"inputMap":[],"outputFields":[]},"targetRefsV2":{},"targetUpdateColumns":[],"extendedObject":{"@type":"extendedObject","object":{"@type":"mObject","name":"RUC_CLIENTE_FISICO","label":"RUC_CLIENTE_FISICO","metadataUpdated":false,"relations":[],"children":[]},"singleMode":true,"objects":[{"@type":"mObject","name":"RUC_CLIENTE_FISICO","label":"RUC_CLIENTE_FISICO","metadataUpdated":false,"relations":[],"children":[]}],"filters":[],"sortFields":[]},"runtimeAttrs":{},"isRESTModernSource":true,"isFileList":false,"handleSpecialChars":false,"handleDecimalRoundOff":false,"frsAsset":false,"dynamicFileName":false,"excludeDynamicFileNameField":false,"currentlyProcessedFileName":false,"retainFieldMetadata":false,"useExactSrcNames":false,"fetchMode":"ORIGINAL","tgtObjectAttributes":{},"runtimeParameterData":{"@type":"mtTaskRuntimeParameterData","isConnectionRuntimeParameter":false,"isObjectRuntimeParameter":false},"overridableProperties":[],"overriddenFields":[]},{"@type":"mtTaskParameter","id":765924652,"name":"$Sc_RUC_Cliente_Jur$","type":"EXTENDED_SOURCE","label":"Sc_RUC_Cliente_Jur","uiProperties":{"connectionParameterized":"false","isSelectDistinct":"false","isMsrcFilterParameterized":"false","isMsrcSortParameterized":"false","objectParameterized":"false","visible":"false","originalPath":"Sc_RUC_Cliente_Jur"},"sourceConnectionId":"@46cML5agGe5b97jqRYHfyo","newFlatFile":false,"newObject":false,"showBusinessNames":false,"naturalOrder":true,"truncateTarget":false,"bulkApiDBTarget":false,"customFuncCfg":{"@type":"customFuncConfig","id":-1,"connections":[],"inputMap":[],"outputFields":[]},"targetRefsV2":{},"targetUpdateColumns":[],"extendedObject":{"@type":"extendedObject","object":{"@type":"mObject","name":"RUC_CLIENTE_JURIDICO","label":"RUC_CLIENTE_JURIDICO","metadataUpdated":false,"relations":[],"children":[]},"singleMode":true,"objects":[{"@type":"mObject","name":"RUC_CLIENTE_JURIDICO","label":"RUC_CLIENTE_JURIDICO","metadataUpdated":false,"relations":[],"children":[]}],"filters":[],"sortFields":[]},"runtimeAttrs":{},"isRESTModernSource":true,"isFileList":false,"handleSpecialChars":false,"handleDecimalRoundOff":false,"frsAsset":false,"dynamicFileName":false,"excludeDynamicFileNameField":false,"currentlyProcessedFileName":false,"retainFieldMetadata":false,"useExactSrcNames":false,"fetchMode":"ORIGINAL","tgtObjectAttributes":{},"runtimeParameterData":{"@type":"mtTaskRuntimeParameterData","isConnectionRuntimeParameter":false,"isObjectRuntimeParameter":false},"overridableProperties":[],"overriddenFields":[]},{"@type":"mtTaskParameter","id":765924655,"name":"$Sc_RUC_EJECUTIVOS_ADJUN$","type":"EXTENDED_SOURCE","label":"Sc_RUC_EJECUTIVOS_ADJUN","uiProperties":{"connectionParameterized":"false","isSelectDistinct":"false","isMsrcFilterParameterized":"false","isMsrcSortParameterized":"false","objectParameterized":"false","visible":"false","originalPath":"Sc_RUC_EJECUTIVOS_ADJUN"},"sourceConnectionId":"@46cML5agGe5b97jqRYHfyo","newFlatFile":false,"newObject":false,"showBusinessNames":false,"naturalOrder":true,"truncateTarget":false,"bulkApiDBTarget":false,"customFuncCfg":{"@type":"customFuncConfig","id":-1,"connections":[],"inputMap":[],"outputFields":[]},"targetRefsV2":{},"targetUpdateColumns":[],"extendedObject":{"@type":"extendedObject","object":{"@type":"mObject","name":"EJECUTIVOS_ADJUNTOS","label":"EJECUTIVOS_ADJUNTOS","metadataUpdated":false,"relations":[],"children":[]},"singleMode":true,"objects":[{"@type":"mObject","name":"EJECUTIVOS_ADJUNTOS","label":"EJECUTIVOS_ADJUNTOS","metadataUpdated":false,"relations":[],"children":[]}],"filters":[],"sortFields":[]},"runtimeAttrs":{},"isRESTModernSource":true,"isFileList":false,"handleSpecialChars":false,"handleDecimalRoundOff":false,"frsAsset":false,"dynamicFileName":false,"excludeDynamicFileNameField":false,"currentlyProcessedFileName":false,"retainFieldMetadata":false,"useExactSrcNames":false,"fetchMode":"ORIGINAL","tgtObjectAttributes":{},"runtimeParameterData":{"@type":"mtTaskRuntimeParameterData","isConnectionRuntimeParameter":false,"isObjectRuntimeParameter":false},"overridableProperties":[],"overriddenFields":[]},{"@type":"mtTaskParameter","id":765924658,"name":"$Sc_RUC_Fuentes_x_Cliente$","type":"EXTENDED_SOURCE","label":"Sc_RUC_Fuentes_x_Cliente","uiProperties":{"connectionParameterized":"false","isSelectDistinct":"false","isMsrcFilterParameterized":"false","isMsrcSortParameterized":"false","objectParameterized":"false","visible":"false","originalPath":"Sc_RUC_Fuentes_x_Cliente"},"sourceConnectionId":"@46cML5agGe5b97jqRYHfyo","newFlatFile":false,"newObject":false,"showBusinessNames":false,"naturalOrder":true,"truncateTarget":false,"bulkApiDBTarget":false,"customFuncCfg":{"@type":"customFuncConfig","id":-1,"connections":[],"inputMap":[],"outputFields":[]},"targetRefsV2":{},"targetUpdateColumns":[],"extendedObject":{"@type":"extendedObject","object":{"@type":"mObject","name":"RUC_FUENTES_X_CLIENTE","label":"RUC_FUENTES_X_CLIENTE","metadataUpdated":false,"relations":[],"children":[]},"singleMode":true,"objects":[{"@type":"mObject","name":"RUC_FUENTES_X_CLIENTE","label":"RUC_FUENTES_X_CLIENTE","metadataUpdated":false,"relations":[],"children":[]}],"filters":[],"sortFields":[]},"runtimeAttrs":{},"isRESTModernSource":true,"isFileList":false,"handleSpecialChars":false,"handleDecimalRoundOff":false,"frsAsset":false,"dynamicFileName":false,"excludeDynamicFileNameField":false,"currentlyProcessedFileName":false,"retainFieldMetadata":false,"useExactSrcNames":false,"fetchMode":"ORIGINAL","tgtObjectAttributes":{},"runtimeParameterData":{"@type":"mtTaskRuntimeParameterData","isConnectionRuntimeParameter":false,"isObjectRuntimeParameter":false},"overridableProperties":[],"overriddenFields":[]},{"@type":"mtTaskParameter","id":765924661,"name":"$Sc_RUC_PRODUCTOS_COMEX_CLIENTE$","type":"EXTENDED_SOURCE","label":"Sc_RUC_PRODUCTOS_COMEX_CLIENTE","uiProperties":{"connectionParameterized":"false","isSelectDistinct":"false","isMsrcFilterParameterized":"false","isMsrcSortParameterized":"false","objectParameterized":"false","visible":"false","originalPath":"Sc_RUC_PRODUCTOS_COMEX_CLIENTE"},"sourceConnectionId":"@46cML5agGe5b97jqRYHfyo","newFlatFile":false,"newObject":false,"showBusinessNames":false,"naturalOrder":true,"truncateTarget":false,"bulkApiDBTarget":false,"customFuncCfg":{"@type":"customFuncConfig","id":-1,"connections":[],"inputMap":[],"outputFields":[]},"targetRefsV2":{},"targetUpdateColumns":[],"extendedObject":{"@type":"extendedObject","object":{"@type":"mObject","name":"PRODUCTOS_COMEX_CLIENTE","label":"PRODUCTOS_COMEX_CLIENTE","metadataUpdated":false,"relations":[],"children":[]},"advancedFilterExpression":"PRODUCTOS_COMEX_CLIENTE.CODIGO_PRODUCTO IN (2217,17)","singleMode":true,"objects":[{"@type":"mObject","name":"PRODUCTOS_COMEX_CLIENTE","label":"PRODUCTOS_COMEX_CLIENTE","metadataUpdated":false,"relations":[],"children":[]}],"filters":[],"sortFields":[]},"runtimeAttrs":{},"isRESTModernSource":true,"isFileList":false,"handleSpecialChars":false,"handleDecimalRoundOff":false,"frsAsset":false,"dynamicFileName":false,"excludeDynamicFileNameField":false,"currentlyProcessedFileName":false,"retainFieldMetadata":false,"useExactSrcNames":false,"fetchMode":"ORIGINAL","tgtObjectAttributes":{},"runtimeParameterData":{"@type":"mtTaskRuntimeParameterData","isConnectionRuntimeParameter":false,"isObjectRuntimeParameter":false},"overridableProperties":[],"overriddenFields":[]},{"@type":"mtTaskParameter","id":765924664,"name":"$sc_BCRCOMERCIAL_COMI_CLI$","type":"EXTENDED_SOURCE","label":"sc_BCRCOMERCIAL_COMI_CLI","uiProperties":{"connectionParameterized":"false","isSelectDistinct":"true","isMsrcFilterParameterized":"false","isMsrcSortParameterized":"false","objectParameterized":"false","visible":"false","originalPath":"sc_BCRCOMERCIAL_COMI_CLI"},"sourceConnectionId":"@46cML5agGe5b97jqRYHfyo","newFlatFile":false,"newObject":false,"showBusinessNames":false,"naturalOrder":true,"truncateTarget":false,"bulkApiDBTarget":false,"customFuncCfg":{"@type":"customFuncConfig","id":-1,"connections":[],"inputMap":[],"outputFields":[]},"targetRefsV2":{},"targetUpdateColumns":[],"extendedObject":{"@type":"extendedObject","object":{"@type":"mObject","name":"DL_BCRCOMERCIAL_COMISIONES_ESP_CLI_RAW","label":"DL_BCRCOMERCIAL_COMISIONES_ESP_CLI_RAW","metadataUpdated":false,"relations":[],"children":[]},"singleMode":true,"objects":[{"@type":"mObject","name":"DL_BCRCOMERCIAL_COMISIONES_ESP_CLI_RAW","label":"DL_BCRCOMERCIAL_COMISIONES_ESP_CLI_RAW","metadataUpdated":false,"relations":[],"children":[]}],"filters":[],"sortFields":[]},"runtimeAttrs":{},"isRESTModernSource":true,"isFileList":false,"handleSpecialChars":false,"handleDecimalRoundOff":false,"frsAsset":false,"dynamicFileName":false,"excludeDynamicFileNameField":false,"currentlyProcessedFileName":false,"retainFieldMetadata":false,"useExactSrcNames":false,"fetchMode":"ORIGINAL","tgtObjectAttributes":{},"runtimeParameterData":{"@type":"mtTaskRuntimeParameterData","isConnectionRuntimeParameter":false,"isObjectRuntimeParameter":false},"overridableProperties":[],"overriddenFields":[]},{"@type":"mtTaskParameter","id":765924667,"name":"$DL_COMEX_DILIGENCIAS_ENTRANTES$","type":"TARGET","label":"DL_COMEX_DILIGENCIAS_ENTRANTES","uiProperties":{"connectionParameterized":"false","objectParameterized":"false","visible":"false","defaultTargetUpdateColumns":"","supportApplyDDLChanges":"false","originalPath":"DL_COMEX_DILIGENCIAS_ENTRANTES"},"targetConnectionId":"@46cML5agGe5b97jqRYHfyo","targetObject":"DL_COMEX_DILIGENCIAS_ENTRANTES","targetObjectLabel":"DL_COMEX_DILIGENCIAS_ENTRANTES","newFlatFile":false,"newObject":false,"showBusinessNames":false,"naturalOrder":true,"truncateTarget":false,"bulkApiDBTarget":true,"operationType":"Insert","customFuncCfg":{"@type":"customFuncConfig","id":-1,"connections":[],"inputMap":[],"outputFields":[]},"targetRefsV2":{},"targetUpdateColumns":[],"extendedObject":{"@type":"extendedObject","singleMode":true,"filters":[],"sortFields":[]},"runtimeAttrs":{},"isRESTModernSource":true,"isFileList":false,"handleSpecialChars":false,"handleDecimalRoundOff":false,"frsAsset":false,"dynamicFileName":false,"excludeDynamicFileNameField":false,"currentlyProcessedFileName":false,"retainFieldMetadata":false,"objectName":"DL_COMEX_DILIGENCIAS_ENTRANTES","objectLabel":"DL_COMEX_DILIGENCIAS_ENTRANTES","useExactSrcNames":false,"fetchMode":"ORIGINAL","tgtObjectAttributes":{},"runtimeParameterData":{"@type":"mtTaskRuntimeParameterData","isConnectionRuntimeParameter":false,"isObjectRuntimeParameter":false},"overridableProperties":[],"overriddenFields":[]},{"@type":"mtTaskParameter","id":765924670,"name":"$SQL_BANKTRADE_ENTRANTE$","type":"CONNECTION","label":"SQL_BANKTRADE_ENTRANTE","uiProperties":{"connectionParameterized":"false","objectParameterized":"false","isSQLConnectionParam":"true","originalPath":"SQL_BANKTRADE_ENTRANTE"},"transfConnectionId":"@1cOSWMXrNuNddcBgphDGaL","newFlatFile":false,"newObject":false,"showBusinessNames":true,"naturalOrder":true,"truncateTarget":false,"bulkApiDBTarget":false,"customFuncCfg":{"@type":"customFuncConfig","id":-1,"connections":[],"inputMap":[],"outputFields":[]},"targetRefsV2":{},"targetUpdateColumns":[],"runtimeAttrs":{},"isRESTModernSource":true,"customQuery":"SELECT XFTS0_GROUP_PREFIX AS Prefijo\n,XFTS0_GROUP_NUMBER AS Numero\n ,REPLACE(LTRIM(REPLACE(REPLACE(XFT0_BEN_RCV_AC_NO, ' ', ''),'0',' ')),' ','0') AS Cedula\n ,REPLACE(LTRIM(REPLACE(REPLACE(XFTS1_PY_CR_ACC_NO, ' ', ''),'0',' ')),' ','0') AS CuentaAcreditada\n ,REPLACE(LTRIM(REPLACE(REPLACE(XF0_BN_RC_NM_AD_L1, ' ', ''),'0',' ')),' ','0') AS Cliente_BCR\n\n,XFTS1_CURR_CODE AS Moneda\n,XFTS1_PY_AMT AS Monto\n,XFT1_PY_AMT_BAS_CR AS MontoEnUSD\n,CASE WHEN COM IS NULL THEN XFTS1_COMM_AMT \n ELSE\n    CAST(SUBSTRING(COM,1,21) AS DECIMAL(18,2))\n END AS Monto_Comision\n,CASE WHEN COM IS NULL THEN (CASE When XFTS1_COMM_TAKE = 'W' then 'Cobrada' else 'Exonerada' END) \n ELSE\n    (CASE When SUBSTRING(COM,27,1) = 'W' then 'Cobrada' else 'Exonerada' END)\n END PagadaPor\n,XFTS2_BNC_ORD_NDD1 AS Ordenante\n,XFTS2_DET_PMN_LIN1 + XFTS2_DET_PMN_LIN2 + XFTS2_DET_PMN_LIN3 + XFTS2_DET_PMN_LIN4 AS DetalleDePago\n,AM0_COST_CENTER_CD AS CentroDeCosto\n,XFTS1_PY_DEBT_MNEM AS BancoCorresponsal\n,(\n    case\n      when LGA_ENTRY_DATE > 0 then (\n       '20' + substring(cast(LGA_ENTRY_DATE as char), 2, 2)  + '-' + substring(cast(LGA_ENTRY_DATE as char), 4, 2) + '-' + substring(cast(LGA_ENTRY_DATE as char), 6, 2)\n      )\n    END\n  ) AS Fecha_Ingreso,(\n    CASE\n      WHEN LEN(LGA_ENTRY_TIME) = 6 THEN (\n        substring(cast(LGA_ENTRY_TIME as char), 1, 2) + ':' + substring(cast(LGA_ENTRY_TIME as char), 3, 2) + ':' + substring(cast(LGA_ENTRY_TIME as char), 5, 2)\n      )\n      ELSE (\n        '0'+substring(cast(LGA_ENTRY_TIME as char), 1, 1) + ':' + substring(cast(LGA_ENTRY_TIME as char), 2, 2) + ':' + substring(cast(LGA_ENTRY_TIME as char), 4, 2)\n      )\n    END\n  ) AS Hora_Ingreso,(\n    case\n      when XFTS1_RELEAS_DATE2 > 0 then (\n        '20' + substring(cast(XFTS1_RELEAS_DATE2 as char), 2, 2) + '-' + substring(cast(XFTS1_RELEAS_DATE2 as char), 4, 2) + '-'+ substring(cast(XFTS1_RELEAS_DATE2 as char), 6, 2)\n      )\n    END\n  ) AS Fecha_Liberacion,(\n    CASE\n      WHEN LEN(LGA_AUTH_REL_TIME2) = 6 THEN (\n        substring(cast(LGA_AUTH_REL_TIME2 as char), 1, 2) + ':' + substring(cast(LGA_AUTH_REL_TIME2 as char), 3, 2) + ':' + substring(cast(LGA_AUTH_REL_TIME2 as char), 5, 2)\n      )\n      ELSE (\n        '0'+substring(cast(LGA_AUTH_REL_TIME2 as char), 1, 1) + ':' + substring(cast(LGA_AUTH_REL_TIME2 as char), 2, 2) + ':' + substring(cast(LGA_AUTH_REL_TIME2 as char), 4, 2)\n      )\n    END\n  ) AS Hora_Liberacion\n\nFROM LFTRS01 WITH (NOLOCK)\nLEFT JOIN LFTRS00 WITH (NOLOCK) ON XLFTRS00_KEY = CAST(XFTS1_LOCATION+XFTS1_GROUP_PREFIX+XFTS1_GROUP_NUMBER+'00000                 ' AS VARBINARY(35))\nLEFT JOIN LFTRS02 WITH (NOLOCK) ON XLFTRS02_KEY = CAST(XFTS0_LOCATION+XFTS0_GROUP_PREFIX+XFTS0_GROUP_NUMBER+'02000                 ' AS VARBINARY(35))\n--LEFT JOIN CCM.DBO.LTABL WITH (NOLOCK) ON TBF_KEY = CAST(XFTS0_LOCATION + '106' + LEFT(XFTS0_WRKR_NO+'                      ',13) AS VARBINARY(22)) \nLEFT JOIN LACTM00 WITH (NOLOCK) ON XLACTM00_KEY = CAST(XFT0_BEN_RCV_AC_NO + '00    ' AS VARBINARY(41))\nLEFT JOIN LLOGA WITH (NOLOCK) ON [LFTRS01].[XFTS1_GROUP_PREFIX] = [LLOGA].[LGA_PREFIX] AND [LFTRS01].[XFTS1_GROUP_NUMBER] = [LLOGA].[LGA_NUMB] \n\nCROSS APPLY ( SELECT RIGHT(REPLICATE('0',21)+CAST(AG2_COMMISSION_AMT AS VARCHAR(50)),21) +AG2_DEBIT_CODE+ AG2_CMSN_STATUS_CD\n              FROM LACTG02\n              WITH (NOLOCK)\n              WHERE AG2_LC_PREFIX = XFTS1_GROUP_PREFIX AND AG2_LC_NUMBER = XFTS1_GROUP_NUMBER AND AG2_REC_TYPE_SEQ IN (1,2) AND (AG2_CMSN_TYPE_CODE ='FT' OR AG2_APPL_TYPE ='FT') AND AG2_LC_PREFIX in ('P','R')\n                  FOR XML PATH('') )  D ( COM )\nWHERE  XFTS1_GROUP_PREFIX  in ('P','R') AND XFTS1_RELEAS_DATE2>1220101\n","isFileList":false,"handleSpecialChars":false,"handleDecimalRoundOff":false,"frsAsset":false,"dynamicFileName":false,"excludeDynamicFileNameField":false,"currentlyProcessedFileName":false,"retainFieldMetadata":false,"useExactSrcNames":false,"fetchMode":"ORIGINAL","tgtObjectAttributes":{},"runtimeParameterData":{"@type":"mtTaskRuntimeParameterData","isConnectionRuntimeParameter":false,"isObjectRuntimeParameter":false},"overridableProperties":[],"nmoSubType":"ENTERED_QUERY","overriddenFields":[]}],"sequences":[],"inOutParameters":[{"@type":"mtTaskInOutParameter","id":"-1","name":"in_ID_Proceso_Carga","description":"","initialValue":"","datatype":"INTEGER","precision":"10","scale":"0","retentionPolicy":"ON_SUCCESS_OR_WARNING","aggregationType":"MAX","currentValue":"5524235"},{"@type":"mtTaskInOutParameter","id":"-1","name":"mp_Fecha_Ult_Carga","description":"","initialValue":"","datatype":"STRING","precision":"29","scale":"0","retentionPolicy":"ON_SUCCESS_OR_WARNING","aggregationType":"MAX","currentValue":"20230428 10:59:00"},{"@type":"mtTaskInOutParameter","id":"-1","name":"mp_Fecha_Ini_Carga","description":"","initialValue":"","datatype":"STRING","precision":"29","scale":"0","retentionPolicy":"ON_SUCCESS_OR_WARNING","aggregationType":"MAX","currentValue":""}],"connRuntimeAttrs":[]}]