[{"@type":"mtTask","id":"@1","name":"Mt_MOCCI_VALORES_CLIENTES_BCR","description":"MAPA DE CARGA DE LINEAS_CREDITO_BCR","runtimeEnvironmentId":"@2KlpZ4hk80PgrgH0CxoRcH","maxLogs":10,"verbose":false,"mappingId":"@6OlSa3faNKPeff33gxnloS","frsGuid":"1yH1sRc4n5CcvjkdKpZAOV","shortDescription":"MAPA DE CARGA DE LINEAS_CREDITO_BCR","sessionPropertiesList":[{"name":"Allow Pushdown across Databases","value":"NO","recommended":false},{"name":"Allow Temporary Sequence for Pushdown","value":"YES","recommended":false},{"name":"Allow Temporary View for Pushdown","value":"NO","recommended":false},{"name":"Pushdown Optimization","value":"Full","recommended":false},{"name":"Pushdown Optimization Context","value":"None","recommended":false},{"name":"Run Only In Pushdown Mode","value":"NO","recommended":false}],"enableCrossSchemaPushdown":true,"enableParallelRun":true,"autoTunedApplied":false,"autoTunedAppliedType":"NONE","paramFileType":"PARAM_FILE_LOCAL","schemaMode":"async","valid":true,"schemaValidationErrorCount":-1,"parameterFileEncoding":"UTF-8","serverlessProperties":{},"taskProperties":[{"@type":"taskProperty","name":"parameterFileDir","currentValue":"","type":"STRING","label":"label.parameterFileDir","required":false},{"@type":"taskProperty","name":"parameterFileName","currentValue":"","type":"STRING","label":"label.parameterFileName","required":false}],"parameters":[{"@type":"mtTaskParameter","id":749384782,"name":"$src_Valores_Clientes_BCR$","type":"EXTENDED_SOURCE","label":"src_Valores_Clientes_BCR","uiProperties":{"connectionParameterized":"false","isSelectDistinct":"false","isMsrcFilterParameterized":"false","isMsrcSortParameterized":"false","objectParameterized":"false","visible":"false","originalPath":"src_Valores_Clientes_BCR"},"sourceConnectionId":"@9f42UdQJhlwgsq1aqxwYiv","newFlatFile":false,"newObject":false,"showBusinessNames":false,"naturalOrder":true,"truncateTarget":false,"bulkApiDBTarget":false,"customFuncCfg":{"@type":"customFuncConfig","id":-1,"connections":[],"inputMap":[],"outputFields":[]},"targetRefsV2":{},"targetUpdateColumns":[],"extendedObject":{"@type":"extendedObject","object":{"@type":"mObject","name":"DWH_PROFUNDIDAD_LINEA_VW","label":"DWH_PROFUNDIDAD_LINEA_VW","metadataUpdated":false,"relations":[],"children":[]},"singleMode":true,"objects":[{"@type":"mObject","name":"DWH_PROFUNDIDAD_LINEA_VW","label":"DWH_PROFUNDIDAD_LINEA_VW","metadataUpdated":false,"relations":[],"children":[]}],"filters":[],"sortFields":[]},"runtimeAttrs":{},"isRESTModernSource":true,"isFileList":false,"handleSpecialChars":false,"handleDecimalRoundOff":false,"frsAsset":false,"dynamicFileName":false,"excludeDynamicFileNameField":false,"currentlyProcessedFileName":false,"retainFieldMetadata":false,"useExactSrcNames":false,"tgtObjectAttributes":{},"runtimeParameterData":{"@type":"mtTaskRuntimeParameterData","isConnectionRuntimeParameter":false,"isObjectRuntimeParameter":false},"overridableProperties":[],"overriddenFields":[]},{"@type":"mtTaskParameter","id":749384785,"name":"$tgt_VALORES_CLIENTES_BCR_RAW$","type":"TARGET","label":"tgt_VALORES_CLIENTES_BCR_RAW","uiProperties":{"connectionParameterized":"false","objectParameterized":"false","visible":"false","defaultTargetUpdateColumns":"","supportApplyDDLChanges":"false","originalPath":"tgt_VALORES_CLIENTES_BCR_RAW"},"targetConnectionId":"@8CfiILKcpADdxjkB2lT1cq","targetObject":"VALORES_CLIENTES_BCR_RAW","targetObjectLabel":"VALORES_CLIENTES_BCR_RAW","newFlatFile":false,"newObject":false,"showBusinessNames":false,"naturalOrder":true,"truncateTarget":true,"bulkApiDBTarget":true,"operationType":"Insert","customFuncCfg":{"@type":"customFuncConfig","id":-1,"connections":[],"inputMap":[],"outputFields":[]},"targetRefsV2":{},"targetUpdateColumns":[],"extendedObject":{"@type":"extendedObject","singleMode":true,"filters":[],"sortFields":[]},"runtimeAttrs":{},"isRESTModernSource":true,"isFileList":false,"handleSpecialChars":false,"handleDecimalRoundOff":false,"frsAsset":false,"dynamicFileName":false,"excludeDynamicFileNameField":false,"currentlyProcessedFileName":false,"retainFieldMetadata":false,"objectName":"VALORES_CLIENTES_BCR_RAW","objectLabel":"VALORES_CLIENTES_BCR_RAW","useExactSrcNames":false,"tgtObjectAttributes":{},"runtimeParameterData":{"@type":"mtTaskRuntimeParameterData","isConnectionRuntimeParameter":false,"isObjectRuntimeParameter":false},"overridableProperties":[],"overriddenFields":[]}],"sequences":[],"inOutParameters":[{"@type":"mtTaskInOutParameter","id":"-1","name":"in_ID_Proceso_Carga","description":"","initialValue":"","datatype":"INTEGER","precision":"10","scale":"0","retentionPolicy":"ON_SUCCESS_OR_WARNING","aggregationType":"MAX","currentValue":""},{"@type":"mtTaskInOutParameter","id":"-1","name":"mp_Fecha_Ult_Carga","description":"","initialValue":"","datatype":"STRING","precision":"30","scale":"0","retentionPolicy":"ON_SUCCESS_OR_WARNING","aggregationType":"MAX","currentValue":""}],"connRuntimeAttrs":[]}]