[{"@type":"mtTask","id":"@1","name":"Mt_MOCCI_COMEX_GARANTIAS_CARTAS_BCR","description":"","runtimeEnvironmentId":"@2KlpZ4hk80PgrgH0CxoRcH","maxLogs":10,"verbose":false,"lastRunTime":1687557201000,"mappingId":"@blCLiEumdCmfPJVOjHmT00","frsGuid":"4WRvAgECRMogeVrVIrN3gN","shortDescription":"","sessionPropertiesList":[{"name":"Allow Temporary Sequence for Pushdown","value":"NO","recommended":false},{"name":"Allow Temporary View for Pushdown","value":"NO","recommended":false},{"name":"Pushdown Optimization","value":"None","recommended":false}],"enableCrossSchemaPushdown":true,"enableParallelRun":false,"autoTunedApplied":false,"autoTunedAppliedType":"NONE","paramFileType":"PARAM_FILE_LOCAL","schemaMode":"async","valid":true,"schemaValidationErrorCount":-1,"parameterFileEncoding":"UTF-8","serverlessProperties":{},"taskProperties":[{"@type":"taskProperty","name":"parameterFileDir","currentValue":"","type":"STRING","label":"label.parameterFileDir","required":false},{"@type":"taskProperty","name":"parameterFileName","currentValue":"","type":"STRING","label":"label.parameterFileName","required":false}],"parameters":[{"@type":"mtTaskParameter","id":773136061,"name":"$src_BANKTRADE$","type":"EXTENDED_SOURCE","label":"src_BANKTRADE","uiProperties":{"connectionParameterized":"false","isSelectDistinct":"false","isMsrcFilterParameterized":"false","isMsrcSortParameterized":"false","objectParameterized":"false","visible":"false","originalPath":"src_BANKTRADE"},"sourceConnectionId":"@4u8ZFAkJ52ql7a7mh1CcCv","newFlatFile":false,"newObject":false,"showBusinessNames":false,"naturalOrder":true,"truncateTarget":false,"bulkApiDBTarget":false,"srcFFAttrs":{"@type":"flatFileAttrs","id":84343696,"delimiter":",","textQualifier":"\"","escapeChar":"","headerLineNo":1,"firstDataRow":2},"customFuncCfg":{"@type":"customFuncConfig","id":-1,"connections":[],"inputMap":[],"outputFields":[]},"targetRefsV2":{},"targetUpdateColumns":[],"extendedObject":{"@type":"extendedObject","object":{"@type":"mObject","name":"dummy_file.txt","label":"dummy_file.txt","metadataUpdated":false,"relations":[],"children":[]},"singleMode":true,"objects":[{"@type":"mObject","name":"dummy_file.txt","label":"dummy_file.txt","metadataUpdated":false,"relations":[],"children":[]}],"filters":[],"sortFields":[]},"runtimeAttrs":{},"isRESTModernSource":true,"isFileList":false,"handleSpecialChars":false,"handleDecimalRoundOff":false,"frsAsset":false,"dynamicFileName":false,"excludeDynamicFileNameField":false,"currentlyProcessedFileName":false,"retainFieldMetadata":false,"useExactSrcNames":false,"fetchMode":"ORIGINAL","tgtObjectAttributes":{},"runtimeParameterData":{"@type":"mtTaskRuntimeParameterData","isConnectionRuntimeParameter":false,"isObjectRuntimeParameter":false},"overridableProperties":[],"overriddenFields":[]},{"@type":"mtTaskParameter","id":773136064,"name":"$tgt_COMEX_GARANTIAS_CARTAS_RAW$","type":"TARGET","label":"tgt_COMEX_GARANTIAS_CARTAS_RAW","uiProperties":{"connectionParameterized":"false","objectParameterized":"false","visible":"false","defaultTargetUpdateColumns":"","supportApplyDDLChanges":"false","originalPath":"tgt_COMEX_GARANTIAS_CARTAS_RAW"},"targetConnectionId":"@46cML5agGe5b97jqRYHfyo","targetObject":"DL_COMEX_GARANTIAS_CARTAS_RAW","targetObjectLabel":"DL_COMEX_GARANTIAS_CARTAS_RAW","newFlatFile":false,"newObject":false,"showBusinessNames":false,"naturalOrder":true,"truncateTarget":false,"bulkApiDBTarget":false,"operationType":"Insert","customFuncCfg":{"@type":"customFuncConfig","id":-1,"connections":[],"inputMap":[],"outputFields":[]},"targetRefsV2":{},"targetUpdateColumns":[],"extendedObject":{"@type":"extendedObject","singleMode":true,"filters":[],"sortFields":[]},"runtimeAttrs":{},"isRESTModernSource":true,"isFileList":false,"handleSpecialChars":false,"handleDecimalRoundOff":false,"frsAsset":false,"dynamicFileName":false,"excludeDynamicFileNameField":false,"currentlyProcessedFileName":false,"retainFieldMetadata":false,"objectName":"DL_COMEX_GARANTIAS_CARTAS_RAW","objectLabel":"DL_COMEX_GARANTIAS_CARTAS_RAW","useExactSrcNames":false,"fetchMode":"ORIGINAL","tgtObjectAttributes":{},"runtimeParameterData":{"@type":"mtTaskRuntimeParameterData","isConnectionRuntimeParameter":false,"isObjectRuntimeParameter":false},"overridableProperties":[],"overriddenFields":[]},{"@type":"mtTaskParameter","id":773136067,"name":"$SQL_COMEX$","type":"CONNECTION","label":"SQL_COMEX","uiProperties":{"connectionParameterized":"false","objectParameterized":"false","isSQLConnectionParam":"true","originalPath":"SQL_COMEX"},"transfConnectionId":"@1cOSWMXrNuNddcBgphDGaL","newFlatFile":false,"newObject":false,"showBusinessNames":true,"naturalOrder":true,"truncateTarget":false,"bulkApiDBTarget":false,"customFuncCfg":{"@type":"customFuncConfig","id":-1,"connections":[],"inputMap":[],"outputFields":[]},"targetRefsV2":{},"targetUpdateColumns":[],"runtimeAttrs":{},"isRESTModernSource":true,"customQuery":"SELECT\n  DISTINCT (L00.C00_GROUP + L00.C00_NUMBER) AS NUMERO,\n  CASE  WHEN L00.C00_GROUP IN ('G','E') \t\t\tTHEN  replace(ltrim(replace(LTRIM(RTRIM(C00_BENE_DDA_ACCT)), '0', ' ')),' ','0') \n\t\tWHEN L00.C00_GROUP IN ('L','S','A','M')\t\tTHEN   replace(ltrim(replace(LTRIM(RTRIM(C00_CUST_DDA_ACCT)), '0', ' ')),' ','0')\n\t\t\n\t\tEND CEDULA,\n  LA.AM0_NAME_ADDRESS_1 + LA.AM0_NAME_ADDRESS_2 AS NOMBRE,\n  L00.C00_ORIG_CURR_CODE AS MONEDA,\n  L00.C00_CONF_OPEN_AMT AS MONTO_CONFIRMADO_APERTURA,\n  L00.C00_CONF_CURR_BAL AS BALANCE_CONFIRMADO,\n  L00.C00_UNCNF_CURR_BAL AS BALANCE_SIN_CONFIRMAR,\n  L00.C00_UNCNF_OPEN_AMT AS MONTO_SIN_CONFIRMAR,\n  convert(\n    INT,\n    convert(\n      varchar(10),\n      convert(\n        date,\n        SUBSTRING(convert(varchar(10), L00.C00_ISSUE_DATE), 2, 6),\n        12\n      ),\n      112\n    )\n  ) AS FECHA_CREACION,(\n    case\n      when L00.C00_ISSUE_DATE > 0 then (\n        substring(cast(L00.C00_ISSUE_DATE as char), 6, 2) + '/' + substring(cast(L00.C00_ISSUE_DATE as char), 4, 2) + '/' + '20' + substring(cast(L00.C00_ISSUE_DATE as char), 2, 2)\n      )\n    END\n  ) AS FECHA_EMISION,(\n    case\n      when L00.C00_EXPR_LATE > 0 then (\n        substring(cast(L00.C00_EXPR_LATE as char), 6, 2) + '/' + substring(cast(L00.C00_EXPR_LATE as char), 4, 2) + '/' + '20' + substring(cast(L00.C00_EXPR_LATE as char), 2, 2)\n      )\n    END\n  ) FECHA_VENCIMIENTO,\n  LA.Am0_area_code AS CENTRO_DE_COSTO,\n  LT.TBF_DESCRIPTION_1 AS NOMBRE_OFICINA,\n  LACTG04.AG4_US_DOLLAR_AMT AS MONTO_COMISION,CASE\n    WHEN L00.C00_GROUP IN ('G') THEN 'GARANTIAS INTERNACIONALES'\n    WHEN L00.C00_GROUP IN ('L') THEN 'GARANTIAS LOCALES'\n    WHEN L00.C00_GROUP IN ('S') THEN 'GARANTIAS STAND BY'\n    WHEN L00.C00_GROUP IN ('A') THEN 'AVALES BANCARIOS'\n    WHEN L00.C00_GROUP IN ('M') THEN 'CARTAS DE CREDITO IMPORTACION'\n    WHEN L00.C00_GROUP IN ('E') THEN 'CARTAS DE CREDITO EXPORTACION'\n    ELSE 'N/R'\n  END TIPO_GARANTIA,CASE\n    WHEN C00_OBLG_CLSS_CURR IN ('GLC', 'GPR', 'LPC', 'GPC', 'GLP', 'CPD') THEN 'Participacion'\n    WHEN C00_OBLG_CLSS_CURR IN ('LCC', 'GCC', 'GLS', 'GCR', 'GLD', 'CCD') THEN 'Cumplimiento'\n    WHEN C00_OBLG_CLSS_CURR IN ('GDC', 'GDI') THEN 'Directas'\n    ELSE 'N/R'\n  END SUB_TIPO_GARANTIA\nFROM\n  LOLOC00 L00 WITH (NOLOCK)\n  LEFT JOIN LACTM00 LA WITH (NOLOCK) ON LA.AM0_ACCOUNT_NUM = L00.C00_CUST_DDA_ACCT\n  LEFT JOIN LTABL LT WITH (NOLOCK) ON LT.TBF_NUM = '204'\n  AND LT.TBF_ID = C00_CUST_COSTCENTR\n  AND LT.TBF_LOCATION = '      '\n  LEFT  JOIN LACTG04 LACTG04 ON \n  LACTG04.AG4_LC_PREFIX =L00.C00_GROUP\n  AND LACTG04.AG4_LC_NUMBER=L00.C00_NUMBER\n  AND LTRIM(RTRIM(LACTG04.AG4_CUSTOMER_ACCT))=LTRIM(RTRIM(L00.C00_CUST_DDA_ACCT))\n  ---AND  LA.XLACTM00_KEY = CAST(AG4_CUSTOMER_ACCT + '00    ' AS VARBINARY(41))\n\nWHERE\n  L00.C00_GROUP IN ('G', 'L', 'S', 'A', 'M', 'E')\n  ----and LTRIM(RTRIM(C00_CUST_DDA_ACCT))='3101658018'\n  AND [LACTG04].[AG4_ACCOUNT_NUMBER]  like  '5%'  and AG4_TRANS_RELS_DAT > 1210101 and [LACTG04].[AG4_DB_CR_IND]  like  '%C%'\n  ORDER BY (L00.C00_GROUP + L00.C00_NUMBER)  DESC","isFileList":false,"handleSpecialChars":false,"handleDecimalRoundOff":false,"frsAsset":false,"dynamicFileName":false,"excludeDynamicFileNameField":false,"currentlyProcessedFileName":false,"retainFieldMetadata":false,"useExactSrcNames":false,"fetchMode":"ORIGINAL","tgtObjectAttributes":{},"runtimeParameterData":{"@type":"mtTaskRuntimeParameterData","isConnectionRuntimeParameter":false,"isObjectRuntimeParameter":false},"overridableProperties":[],"nmoSubType":"ENTERED_QUERY","overriddenFields":[]}],"sequences":[],"inOutParameters":[{"@type":"mtTaskInOutParameter","id":"-1","name":"in_ID_Proceso_Carga","description":"","initialValue":"","datatype":"INTEGER","precision":"10","scale":"0","retentionPolicy":"ON_SUCCESS_OR_WARNING","aggregationType":"MAX","currentValue":"5529575"},{"@type":"mtTaskInOutParameter","id":"-1","name":"mp_Fecha_Ult_Carga","description":"","initialValue":"","datatype":"STRING","precision":"30","scale":"0","retentionPolicy":"ON_SUCCESS_OR_WARNING","aggregationType":"MAX","currentValue":"20220630 02:07:57"}],"connRuntimeAttrs":[]}]