[{"@type":"mappingTemplate","id":"@1","name":"m_DWH_INT_Sales_Force_Productos_Juridicos","description":"Mapa para el traslado de la informacion de DWH de las vistas  Mat a Sales Force","bundleVersion":"0","templateId":"@3","deployTime":1684563583000,"hasParameters":false,"valid":true,"fixedConnection":true,"hasParametersDeployed":false,"fixedConnectionDeployed":true,"isSchemaValidationEnabled":false,"tasks":1,"mappingPreviewFileRecordId":"@2","documentType":"","references":[{"@type":"reference","refObjectId":"@hpB8VUauhefjcJs25ZGnMr","refType":"connection"},{"@type":"reference","refObjectId":"@a2bB3Dl9odLfJ36BliQUce","refType":"connection"}]}]