[{"@type":"mappingTemplate","id":"@1","name":"PRUEBA_SF_1","description":"","bundleVersion":"0","templateId":"@3","deployTime":1605830707000,"hasParameters":false,"valid":true,"fixedConnection":true,"hasParametersDeployed":false,"fixedConnectionDeployed":true,"isSchemaValidationEnabled":false,"tasks":0,"mappingPreviewFileRecordId":"@2","documentType":"MAPPING","references":[{"@type":"reference","refObjectId":"@hpB8VUauhefjcJs25ZGnMr","refType":"connection"},{"@type":"reference","refObjectId":"@3c5I85MedVthnnPzUf19kb","refType":"connection"}]}]