[{"@type":"mappingTemplate","id":"@1","name":"Mp_BCRCOMPRAS_CLIENTES_BCR","description":"WF de clientes BCRCOMPRAS_CLIENTES_BCR ","bundleVersion":"0","templateId":"@3","deployTime":1658346217000,"hasParameters":false,"valid":true,"fixedConnection":true,"hasParametersDeployed":false,"fixedConnectionDeployed":true,"isSchemaValidationEnabled":false,"tasks":1,"mappingPreviewFileRecordId":"@2","documentType":"MAPPING","references":[{"@type":"reference","refObjectId":"@8CfiILKcpADdxjkB2lT1cq","refType":"connection"},{"@type":"reference","refObjectId":"@3rnsOy8ZrMig6XlIhQmraS","refType":"connection"}]}]