[{"@type":"mappingTemplate","id":"@1","name":"m_DWH_INT_Sales_Force_Clientes_Fisicos","description":"Mapa para el traslado de la informacion de DWH de las vistas  Mat a Sales Force , esto es un cambio minimo","bundleVersion":"0","templateId":"@3","deployTime":1684559031000,"hasParameters":false,"valid":true,"fixedConnection":true,"hasParametersDeployed":false,"fixedConnectionDeployed":true,"isSchemaValidationEnabled":false,"tasks":1,"mappingPreviewFileRecordId":"@2","documentType":"","references":[{"@type":"reference","refObjectId":"@8CfiILKcpADdxjkB2lT1cq","refType":"connection"},{"@type":"reference","refObjectId":"@hpB8VUauhefjcJs25ZGnMr","refType":"connection"},{"@type":"reference","refObjectId":"@6ZiA1fSLFv1hSF3KZ91Six","refType":"connection"}]}]