[{"@type":"mtTask","id":"@1","name":"Mt_MOCCI_DEPOSITOS_JUDICIALES_BCR","description":"MAPA DE CARGA DE DEPOSITOS_JUDICIALES_BCR  ","runtimeEnvironmentId":"@2KlpZ4hk80PgrgH0CxoRcH","maxLogs":10,"verbose":false,"lastRunTime":1657730524000,"mappingId":"@8uBqq5ZLmANepptGz67vmk","frsGuid":"kb9b69jsE6XdgvKgFZmiOB","shortDescription":"MAPA DE CARGA DE DEPOSITOS_JUDICIALES_BCR  ","sessionPropertiesList":[{"name":"Allow Temporary Sequence for Pushdown","value":"NO","recommended":false},{"name":"Allow Temporary View for Pushdown","value":"NO","recommended":false},{"name":"Pushdown Optimization","value":"None","recommended":false},{"name":"Pushdown Optimization Context","value":"None","recommended":false},{"name":"Run Only In Pushdown Mode","value":"NO","recommended":false}],"enableCrossSchemaPushdown":true,"enableParallelRun":false,"autoTunedApplied":false,"autoTunedAppliedType":"NONE","paramFileType":"PARAM_FILE_LOCAL","schemaMode":"async","valid":true,"schemaValidationErrorCount":-1,"parameterFileEncoding":"UTF-8","serverlessProperties":{},"taskProperties":[{"@type":"taskProperty","name":"parameterFileDir","currentValue":"","type":"STRING","label":"label.parameterFileDir","required":false},{"@type":"taskProperty","name":"parameterFileName","currentValue":"","type":"STRING","label":"label.parameterFileName","required":false}],"parameters":[{"@type":"mtTaskParameter","id":557778655,"name":"$src_DEPOSITOS_JUDICIALES$","type":"EXTENDED_SOURCE","label":"src_DEPOSITOS_JUDICIALES","uiProperties":{"connectionParameterized":"false","isSelectDistinct":"false","isMsrcFilterParameterized":"false","isMsrcSortParameterized":"false","objectParameterized":"false","visible":"false","originalPath":"src_DEPOSITOS_JUDICIALES"},"sourceConnectionId":"@39oPXTr3NGuggrNieuIGg3","newFlatFile":false,"newObject":false,"showBusinessNames":false,"naturalOrder":true,"truncateTarget":false,"bulkApiDBTarget":false,"customFuncCfg":{"@type":"customFuncConfig","id":-1,"connections":[],"inputMap":[],"outputFields":[]},"targetRefsV2":{},"targetUpdateColumns":[],"extendedObject":{"@type":"extendedObject","object":{"@type":"mObject","name":"PROCESO_BLACKHOLE","label":"PROCESO_BLACKHOLE","metadataUpdated":false,"relations":[],"children":[]},"singleMode":true,"objects":[{"@type":"mObject","name":"PROCESO_BLACKHOLE","label":"PROCESO_BLACKHOLE","metadataUpdated":false,"relations":[],"children":[]}],"filters":[],"sortFields":[]},"runtimeAttrs":{},"isRESTModernSource":true,"isFileList":false,"handleSpecialChars":false,"handleDecimalRoundOff":false,"frsAsset":false,"dynamicFileName":false,"excludeDynamicFileNameField":false,"currentlyProcessedFileName":false,"retainFieldMetadata":false,"useExactSrcNames":false,"tgtObjectAttributes":{},"runtimeParameterData":{"@type":"mtTaskRuntimeParameterData","isConnectionRuntimeParameter":false,"isObjectRuntimeParameter":false},"overridableProperties":[],"overriddenFields":[]},{"@type":"mtTaskParameter","id":557778658,"name":"$tgt_DEPOSITOS_JUDICIALES_RAW$","type":"TARGET","label":"tgt_DEPOSITOS_JUDICIALES_RAW","uiProperties":{"connectionParameterized":"false","objectParameterized":"false","visible":"false","defaultTargetUpdateColumns":"","supportApplyDDLChanges":"false","originalPath":"tgt_DEPOSITOS_JUDICIALES_RAW"},"targetConnectionId":"@39oPXTr3NGuggrNieuIGg3","targetObject":"DL_DEPOSITOS_JUDICIALES_RAW","targetObjectLabel":"DL_DEPOSITOS_JUDICIALES_RAW","newFlatFile":false,"newObject":false,"showBusinessNames":false,"naturalOrder":true,"truncateTarget":false,"bulkApiDBTarget":true,"operationType":"Insert","customFuncCfg":{"@type":"customFuncConfig","id":-1,"connections":[],"inputMap":[],"outputFields":[]},"targetRefsV2":{},"targetUpdateColumns":[],"extendedObject":{"@type":"extendedObject","singleMode":true,"filters":[],"sortFields":[]},"runtimeAttrs":{},"isRESTModernSource":true,"isFileList":false,"handleSpecialChars":false,"handleDecimalRoundOff":false,"frsAsset":false,"dynamicFileName":false,"excludeDynamicFileNameField":false,"currentlyProcessedFileName":false,"retainFieldMetadata":false,"objectName":"DL_DEPOSITOS_JUDICIALES_RAW","objectLabel":"DL_DEPOSITOS_JUDICIALES_RAW","useExactSrcNames":false,"tgtObjectAttributes":{},"runtimeParameterData":{"@type":"mtTaskRuntimeParameterData","isConnectionRuntimeParameter":false,"isObjectRuntimeParameter":false},"overridableProperties":[],"overriddenFields":[]},{"@type":"mtTaskParameter","id":557778661,"name":"$SQL_SDJ$","type":"CONNECTION","label":"SQL_SDJ","uiProperties":{"connectionParameterized":"false","objectParameterized":"false","isSQLConnectionParam":"true","originalPath":"SQL_SDJ"},"transfConnectionId":"@j6CRdzAXsE0eYCvGswWK4D","newFlatFile":false,"newObject":false,"showBusinessNames":true,"naturalOrder":true,"truncateTarget":false,"bulkApiDBTarget":false,"customFuncCfg":{"@type":"customFuncConfig","id":-1,"connections":[],"inputMap":[],"outputFields":[]},"targetRefsV2":{},"targetUpdateColumns":[],"runtimeAttrs":{},"isRESTModernSource":true,"customQuery":"select DISTINCT CONCAT(P.TNU_CASO, P.TCODIGVER) AS CASO, \nP.TNU_IDEBEN AS BENEFICIARIO, B.NOMBRE AS NOMBRE, 'JURIDICO CON PAGOS REALIZADOS EN CAJAS' AS DETALLE\nfrom SDJ.PJMAU P\ninner JOIN SDJ.COMISIONES C\nON P.TNU_IDEBEN <> C.TNU_IDEBEN\nINNER JOIN SDJ.PJMCA C\nON C.TNU_CASO = P.TNU_CASO\nINNER JOIN SDJ.PJMAJ J\nON J.TNUAUTJUD = C.TNUAUTJUD\ninner join sdj.PERSONASXCIRCUITO B\non P.TNU_IDEBEN = B.IDENTIFICACION AND J.TNUAUTJCO = B.CIRCUITO\nwhere ((LENGTH(P.tnu_ideben) >= 10 AND LENGTH(P.tnu_ideben) <= 11) or (LENGTH(P.tnu_ideben) <= 6)) \nand P.tnu_idepag >19\n\n-----QUERY2:\n\nUNION ALL\n\nselect DISTINCT CONCAT(P.TNU_CASO, P.TCODIGVER)AS CASO,\nP.TNU_IDEBEN AS BENEFICIARIO, B.NOMBRE AS NOMBRE, 'JURIDICO MATRICULADO EN TRASPASO MASIVO' AS DETALLE\nfrom sdj.PJMAU P\ninner JOIN SDJ.COMISIONES C\nON P.TNU_IDEBEN = C.TNU_IDEBEN\nINNER JOIN SDJ.PJMCA C\nON C.TNU_CASO = P.TNU_CASO\nINNER JOIN sdj.PJMAJ J\nON J.TNUAUTJUD = C.TNUAUTJUD\ninner join sdj.PERSONASXCIRCUITO B\non P.TNU_IDEBEN = B.IDENTIFICACION AND J.TNUAUTJCO = B.CIRCUITO\nwhere ((LENGTH(P.tnu_ideben) >= 10 AND LENGTH(P.tnu_ideben) <= 11) or (LENGTH(P.tnu_ideben) <= 6)) \n and P.tnu_idepag >19","isFileList":false,"handleSpecialChars":false,"handleDecimalRoundOff":false,"frsAsset":false,"dynamicFileName":false,"excludeDynamicFileNameField":false,"currentlyProcessedFileName":false,"retainFieldMetadata":false,"useExactSrcNames":false,"tgtObjectAttributes":{},"runtimeParameterData":{"@type":"mtTaskRuntimeParameterData","isConnectionRuntimeParameter":false,"isObjectRuntimeParameter":false},"overridableProperties":[],"nmoSubType":"ENTERED_QUERY","overriddenFields":[]}],"sequences":[],"inOutParameters":[{"@type":"mtTaskInOutParameter","id":"-1","name":"in_ID_Proceso_Carga","description":"","initialValue":"","datatype":"INTEGER","precision":"10","scale":"0","retentionPolicy":"ON_SUCCESS_OR_WARNING","aggregationType":"MAX","currentValue":"5473230"},{"@type":"mtTaskInOutParameter","id":"-1","name":"mp_Fecha_Ult_Carga","description":"","initialValue":"","datatype":"STRING","precision":"30","scale":"0","retentionPolicy":"ON_SUCCESS_OR_WARNING","aggregationType":"MAX","currentValue":""}],"connRuntimeAttrs":[]}]