[{"@type":"mtTask","id":"@1","name":"wf_Carga_Productos_Juridicos_SF","description":"","errorTaskEmail":{"@type":"taskEmail","id":490633,"emails":"jpaniagua@bancobcr.com","emailType":"ERROR"},"successTaskEmail":{"@type":"taskEmail","id":490636,"emails":"jpaniagua@bancobcr.com","emailType":"SUCCESS"},"warningTaskEmail":{"@type":"taskEmail","id":490639,"emails":"jpaniagua@bancobcr.com","emailType":"WARNING"},"runtimeEnvironmentId":"@2KlpZ4hk80PgrgH0CxoRcH","maxLogs":10,"verbose":false,"lastRunTime":1588110032000,"mappingId":"@5IYabxmNx72kUFuMFlfHeB","frsGuid":"4Z4zsSuNzcOlBTVui0ZeIj","shortDescription":"","sessionPropertiesList":[{"name":"Allow Pushdown across Databases","value":"NO","recommended":false},{"name":"Allow Temporary Sequence for Pushdown","value":"YES","recommended":false},{"name":"Allow Temporary View for Pushdown","value":"YES","recommended":false},{"name":"Pushdown Optimization","value":"Full","recommended":false},{"name":"Pushdown Optimization Context","value":"None","recommended":false},{"name":"Run Only In Pushdown Mode","value":"NO","recommended":false}],"enableCrossSchemaPushdown":true,"enableParallelRun":false,"autoTunedApplied":false,"autoTunedAppliedType":"NONE","paramFileType":"PARAM_FILE_LOCAL","schemaMode":"async","valid":true,"schemaValidationErrorCount":-1,"parameterFileEncoding":"UTF-8","serverlessProperties":{},"taskProperties":[{"@type":"taskProperty","name":"parameterFileDir","currentValue":"","type":"STRING","label":"label.parameterFileDir","required":false},{"@type":"taskProperty","name":"parameterFileName","currentValue":"","type":"STRING","label":"label.parameterFileName","required":false}],"parameters":[{"@type":"mtTaskParameter","id":744723706,"name":"$sc_DWH_REP_SF_PRODUCTOS_JURIDICOS$","type":"EXTENDED_SOURCE","label":"sc_DWH_REP_SF_PRODUCTOS_JURIDICOS","uiProperties":{"connectionParameterized":"false","isSelectDistinct":"false","isMsrcFilterParameterized":"false","isMsrcSortParameterized":"false","objectParameterized":"false","visible":"false","originalPath":"sc_DWH_REP_SF_PRODUCTOS_JURIDICOS"},"sourceConnectionId":"@8CfiILKcpADdxjkB2lT1cq","newFlatFile":false,"newObject":false,"showBusinessNames":false,"naturalOrder":true,"truncateTarget":false,"bulkApiDBTarget":false,"customFuncCfg":{"@type":"customFuncConfig","id":-1,"connections":[],"inputMap":[],"outputFields":[]},"targetRefsV2":{},"targetUpdateColumns":[],"extendedObject":{"@type":"extendedObject","object":{"@type":"mObject","name":"REP_SF_PROD_JURIDICOS_VM","label":"REP_SF_PROD_JURIDICOS_VM","metadataUpdated":false,"relations":[],"children":[]},"advancedFilterExpression":"REP_SF_PROD_JURIDICOS_VM.IDENTIFICACION IN ('216228',\n'3101042427',\n'3101098763',\n'3101681364',\n'3101705978',\n'3101678195',\n'2218',\n'3101026129',\n'101181',\n'3101676323',\n'3102681531',\n'3101495908',\n'3002359086',\n'3101434521',\n'3101401604',\n'3101752439',\n'3101700941',\n'3101480593',\n'3101731565',\n'3101730821',\n'3101672308',\n'3101704994',\n'3101072996',\n'3101677811',\n'3101680977',\n'3101613206',\n'211371',\n'3002705109',\n'210937',\n'3102619901',\n'3101682171',\n'3102715278',\n'3102688815',\n'62223')","singleMode":true,"objects":[{"@type":"mObject","name":"REP_SF_PROD_JURIDICOS_VM","label":"REP_SF_PROD_JURIDICOS_VM","metadataUpdated":false,"relations":[],"children":[]}],"filters":[],"sortFields":[]},"runtimeAttrs":{},"isRESTModernSource":true,"isFileList":false,"handleSpecialChars":false,"handleDecimalRoundOff":false,"frsAsset":false,"dynamicFileName":false,"excludeDynamicFileNameField":false,"currentlyProcessedFileName":false,"retainFieldMetadata":false,"useExactSrcNames":false,"tgtObjectAttributes":{},"runtimeParameterData":{"@type":"mtTaskRuntimeParameterData","isConnectionRuntimeParameter":false,"isObjectRuntimeParameter":false},"overridableProperties":[],"overriddenFields":[]},{"@type":"mtTaskParameter","id":744723709,"name":"$sc_Sales_Force_Product$","type":"EXTENDED_SOURCE","label":"sc_Sales_Force_Product","uiProperties":{"connectionParameterized":"false","isSelectDistinct":"false","isMsrcFilterParameterized":"false","isMsrcSortParameterized":"false","objectParameterized":"false","visible":"false","originalPath":"sc_Sales_Force_Product"},"sourceConnectionId":"@hpB8VUauhefjcJs25ZGnMr","newFlatFile":false,"newObject":false,"showBusinessNames":false,"naturalOrder":true,"truncateTarget":false,"bulkApiDBTarget":false,"customFuncCfg":{"@type":"customFuncConfig","id":-1,"connections":[],"inputMap":[],"outputFields":[]},"targetRefsV2":{},"targetUpdateColumns":[],"extendedObject":{"@type":"extendedObject","object":{"@type":"mObject","name":"ProductoCliente__c","label":"Productos por Clientes","metadataUpdated":false,"relations":[],"children":[]},"advancedFilterExpression":"ProductoCliente__c.Cliente_Identificaci_n_ID__c IN ('216228',\n'3101042427',\n'3101098763',\n'3101681364',\n'3101705978',\n'3101678195',\n'2218',\n'3101026129',\n'101181',\n'3101676323',\n'3102681531',\n'3101495908',\n'3002359086',\n'3101434521',\n'3101401604',\n'3101752439',\n'3101700941',\n'3101480593',\n'3101731565',\n'3101730821',\n'3101672308',\n'3101704994',\n'3101072996',\n'3101677811',\n'3101680977',\n'3101613206',\n'211371',\n'3002705109',\n'210937',\n'3102619901',\n'3101682171',\n'3102715278',\n'3102688815',\n'62223')","singleMode":true,"objects":[{"@type":"mObject","name":"ProductoCliente__c","label":"Productos por Clientes","metadataUpdated":false,"relations":[],"children":[]}],"filters":[],"sortFields":[]},"runtimeAttrs":{},"isRESTModernSource":true,"isFileList":false,"handleSpecialChars":false,"handleDecimalRoundOff":false,"frsAsset":false,"dynamicFileName":false,"excludeDynamicFileNameField":false,"currentlyProcessedFileName":false,"retainFieldMetadata":false,"useExactSrcNames":false,"tgtObjectAttributes":{},"runtimeParameterData":{"@type":"mtTaskRuntimeParameterData","isConnectionRuntimeParameter":false,"isObjectRuntimeParameter":false},"overridableProperties":[],"overriddenFields":[]},{"@type":"mtTaskParameter","id":744723712,"name":"$Delete_SF$","type":"TARGET","label":"Delete_SF","uiProperties":{"connectionParameterized":"false","objectParameterized":"false","visible":"false","defaultTargetUpdateColumns":"","supportApplyDDLChanges":"false","originalPath":"Delete_SF"},"targetConnectionId":"@hpB8VUauhefjcJs25ZGnMr","targetObject":"ProductoCliente__c","targetObjectLabel":"ProductoCliente__c","newFlatFile":false,"newObject":false,"showBusinessNames":false,"naturalOrder":true,"truncateTarget":false,"bulkApiDBTarget":false,"operationType":"Delete","customFuncCfg":{"@type":"customFuncConfig","id":-1,"connections":[],"inputMap":[],"outputFields":[]},"targetRefsV2":{},"targetUpdateColumns":[],"extendedObject":{"@type":"extendedObject","singleMode":true,"filters":[],"sortFields":[]},"runtimeAttrs":{},"isRESTModernSource":true,"isFileList":false,"handleSpecialChars":false,"handleDecimalRoundOff":false,"frsAsset":false,"dynamicFileName":false,"excludeDynamicFileNameField":false,"currentlyProcessedFileName":false,"retainFieldMetadata":false,"objectName":"ProductoCliente__c","objectLabel":"ProductoCliente__c","useExactSrcNames":false,"tgtObjectAttributes":{},"runtimeParameterData":{"@type":"mtTaskRuntimeParameterData","isConnectionRuntimeParameter":false,"isObjectRuntimeParameter":false},"overridableProperties":[],"overriddenFields":[]},{"@type":"mtTaskParameter","id":744723715,"name":"$Insert_SF$","type":"TARGET","label":"Insert_SF","uiProperties":{"connectionParameterized":"false","objectParameterized":"false","visible":"false","defaultTargetUpdateColumns":"","supportApplyDDLChanges":"false","originalPath":"Insert_SF"},"targetConnectionId":"@hpB8VUauhefjcJs25ZGnMr","targetObject":"ProductoCliente__c","targetObjectLabel":"Productos por Clientes","newFlatFile":false,"newObject":false,"showBusinessNames":false,"naturalOrder":true,"truncateTarget":false,"bulkApiDBTarget":false,"operationType":"Insert","customFuncCfg":{"@type":"customFuncConfig","id":-1,"connections":[],"inputMap":[],"outputFields":[]},"targetRefsV2":{},"targetUpdateColumns":[],"extendedObject":{"@type":"extendedObject","singleMode":true,"filters":[],"sortFields":[]},"runtimeAttrs":{},"isRESTModernSource":true,"isFileList":false,"handleSpecialChars":false,"handleDecimalRoundOff":false,"frsAsset":false,"dynamicFileName":false,"excludeDynamicFileNameField":false,"currentlyProcessedFileName":false,"retainFieldMetadata":false,"objectName":"ProductoCliente__c","objectLabel":"Productos por Clientes","useExactSrcNames":false,"tgtObjectAttributes":{},"runtimeParameterData":{"@type":"mtTaskRuntimeParameterData","isConnectionRuntimeParameter":false,"isObjectRuntimeParameter":false},"overridableProperties":[],"overriddenFields":[]},{"@type":"mtTaskParameter","id":744723718,"name":"$Update_SF$","type":"TARGET","label":"Update_SF","uiProperties":{"connectionParameterized":"false","objectParameterized":"false","visible":"false","defaultTargetUpdateColumns":"","supportApplyDDLChanges":"false","originalPath":"Update_SF"},"targetConnectionId":"@hpB8VUauhefjcJs25ZGnMr","targetObject":"ProductoCliente__c","targetObjectLabel":"Productos por Clientes","newFlatFile":false,"newObject":false,"showBusinessNames":false,"naturalOrder":true,"truncateTarget":false,"bulkApiDBTarget":false,"operationType":"Update","customFuncCfg":{"@type":"customFuncConfig","id":-1,"connections":[],"inputMap":[],"outputFields":[]},"targetRefsV2":{},"targetUpdateColumns":[],"extendedObject":{"@type":"extendedObject","singleMode":true,"filters":[],"sortFields":[]},"runtimeAttrs":{},"isRESTModernSource":true,"isFileList":false,"handleSpecialChars":false,"handleDecimalRoundOff":false,"frsAsset":false,"dynamicFileName":false,"excludeDynamicFileNameField":false,"currentlyProcessedFileName":false,"retainFieldMetadata":false,"objectName":"ProductoCliente__c","objectLabel":"Productos por Clientes","useExactSrcNames":false,"tgtObjectAttributes":{},"runtimeParameterData":{"@type":"mtTaskRuntimeParameterData","isConnectionRuntimeParameter":false,"isObjectRuntimeParameter":false},"overridableProperties":[],"overriddenFields":[]},{"@type":"mtTaskParameter","id":744723721,"name":"$Lookup_sf$","type":"LOOKUP","label":"Lookup_sf","uiProperties":{"connectionParameterized":"false","isCachedLookup":"true","multipleMatchPolicy":"Use All Values","objectParameterized":"false","visible":"false","originalPath":"Lookup_sf"},"lookupConnectionId":"@hpB8VUauhefjcJs25ZGnMr","lookupObject":"Account","lookupObjectLabel":"Account","newFlatFile":false,"newObject":false,"showBusinessNames":false,"naturalOrder":true,"truncateTarget":false,"bulkApiDBTarget":false,"customFuncCfg":{"@type":"customFuncConfig","id":-1,"connections":[],"inputMap":[],"outputFields":[]},"targetRefsV2":{},"targetUpdateColumns":[],"runtimeAttrs":{},"isRESTModernSource":true,"isFileList":false,"handleSpecialChars":false,"handleDecimalRoundOff":false,"frsAsset":false,"dynamicFileName":false,"excludeDynamicFileNameField":false,"currentlyProcessedFileName":false,"retainFieldMetadata":false,"objectName":"Account","objectLabel":"Account","useExactSrcNames":false,"tgtObjectAttributes":{},"runtimeParameterData":{"@type":"mtTaskRuntimeParameterData","isConnectionRuntimeParameter":false,"isObjectRuntimeParameter":false},"overridableProperties":[],"overriddenFields":[]}],"sequences":[],"inOutParameters":[],"connRuntimeAttrs":[]}]