[{"@type":"mappingTemplate","id":"@1","name":"Mp_BCRCOMERCIAL_Clientes_BCR","description":"WF de clientes BCRCOMERCIAL","bundleVersion":"0","templateId":"@3","deployTime":1686874331000,"hasParameters":false,"valid":true,"fixedConnection":true,"hasParametersDeployed":false,"fixedConnectionDeployed":true,"isSchemaValidationEnabled":false,"tasks":1,"mappingPreviewFileRecordId":"@2","documentType":"MAPPING","references":[{"@type":"reference","refObjectId":"@3llxFGYWBcFgJ3yMN7vvKS","refType":"connection"},{"@type":"reference","refObjectId":"@46cML5agGe5b97jqRYHfyo","refType":"connection"}]}]