[{"@type":"mappingTemplate","id":"@1","name":"Mp_Conectividades_Pagos_BCR","description":"","bundleVersion":"0","templateId":"@3","deployTime":1654192820000,"hasParameters":false,"valid":true,"fixedConnection":true,"hasParametersDeployed":false,"fixedConnectionDeployed":true,"isSchemaValidationEnabled":false,"tasks":1,"mappingPreviewFileRecordId":"@2","documentType":"MAPPING","references":[{"@type":"reference","refObjectId":"@8CfiILKcpADdxjkB2lT1cq","refType":"connection"},{"@type":"reference","refObjectId":"@alhYDaXHD1rdtYj8rKNT40","refType":"connection"}]}]