[{"@type":"mtTask","id":"@1","name":"wf_Carga_Productos_Fisicos_SF","description":"","errorTaskEmail":{"@type":"taskEmail","id":490624,"emails":"jpaniagua@bancobcr.com","emailType":"ERROR"},"successTaskEmail":{"@type":"taskEmail","id":490627,"emails":"jpaniagua@bancobcr.com","emailType":"SUCCESS"},"warningTaskEmail":{"@type":"taskEmail","id":490630,"emails":"jpaniagua@bancobcr.com","emailType":"WARNING"},"runtimeEnvironmentId":"@2KlpZ4hk80PgrgH0CxoRcH","maxLogs":10,"verbose":false,"lastRunTime":1588110007000,"mappingId":"@fOHnl0s1iUgfydMvfsgGkz","frsGuid":"4347BNTciIcdSBClf3vcA1","shortDescription":"","sessionPropertiesList":[],"enableCrossSchemaPushdown":true,"enableParallelRun":false,"autoTunedApplied":false,"autoTunedAppliedType":"NONE","schemaMode":"async","valid":true,"schemaValidationErrorCount":-1,"parameterFileEncoding":"UTF-8","serverlessProperties":{},"taskProperties":[{"@type":"taskProperty","name":"parameterFileDir","currentValue":"","type":"STRING","label":"label.parameterFileDir","required":false},{"@type":"taskProperty","name":"parameterFileName","currentValue":"","type":"STRING","label":"label.parameterFileName","required":false}],"parameters":[{"@type":"mtTaskParameter","id":55286935,"name":"$sc_DWH_REP_SF_PRODUCTOS_FISICOS$","type":"EXTENDED_SOURCE","label":"sc_DWH_REP_SF_PRODUCTOS_FISICOS","uiProperties":{"connectionParameterized":"false","isSelectDistinct":"false","isMsrcFilterParameterized":"false","isMsrcSortParameterized":"false","objectParameterized":"false","visible":"false","originalPath":"sc_DWH_REP_SF_PRODUCTOS_FISICOS"},"sourceConnectionId":"@8CfiILKcpADdxjkB2lT1cq","newFlatFile":false,"newObject":false,"showBusinessNames":false,"naturalOrder":true,"truncateTarget":false,"bulkApiDBTarget":false,"customFuncCfg":{"@type":"customFuncConfig","id":-1,"connections":[],"inputMap":[],"outputFields":[]},"targetRefsV2":{},"targetUpdateColumns":[],"extendedObject":{"@type":"extendedObject","object":{"@type":"mObject","name":"REP_SF_PROD_FISICOS_VM","label":"REP_SF_PROD_FISICOS_VM","metadataUpdated":false,"relations":[],"children":[]},"advancedFilterExpression":"REP_SF_PROD_FISICOS_VM.IDENTIFICACION IN ('401690663',\n'109390265',\n'155810586217',\n'204600045',\n'206130534',\n'304050737',\n'111260965',\n'701260413',\n'603740970',\n'503090986',\n'204140775',\n'700280536',\n'303690906',\n'112910770',\n'111920434',\n'503640807',\n'701880132',\n'301220464',\n'112570852',\n'601890955',\n'112400849',\n'118350878',\n'604850972',\n'102830581',\n'109120250',\n'901040367',\n'116320953',\n'204550439',\n'105610719',\n'105660343',\n'503260055',\n'112420959',\n'110150935',\n'110110094',\n'800540906',\n'700290748',\n'103941274',\n'105320959',\n'106070190',\n'302870801',\n'400820692',\n'111140184',\n'203130870',\n'205480270',\n'105550332',\n'116890193',\n'603600354',\n'109550227',\n'106480287',\n'105670438',\n'106610762',\n'116930304',\n'113250945',\n'112340864',\n'502920087',\n'604180480',\n'304890835',\n'119250332',\n'503720344',\n'155814359522',\n'206720037',\n'114010925',\n'206940075',\n'204420945',\n'112720022',\n'301430721',\n'701530561',\n'116660071',\n'155809823009',\n'203610747',\n'504070057',\n'700520752',\n'901250488',\n'205950707',\n'204910143',\n'504120480',\n'701060972',\n'702360211',\n'206200108',\n'116150653',\n'604360122',\n'114730078',\n'306230056',\n'303740945',\n'155821866911',\n'702070280',\n'502620060',\n'116420627',\n'207460350',\n'203250576',\n'112110176',\n'109230549',\n'155821458919',\n'155805306111',\n'604310800',\n'155811125315',\n'105810888',\n'306230244',\n'155818408801',\n'116320854',\n'206970826',\n'604020228',\n'504150939',\n'114020886',\n'504080730',\n'116190515',\n'116710500',\n'207410165',\n'303480152',\n'501780358',\n'207660556',\n'303730021',\n'502570842',\n'603130266',\n'702140662',\n'136186300',\n'603080619',\n'111780208',\n'116570179',\n'604120396',\n'208580309',\n'119010771',\n'155804370800',\n'204680115',\n'206490566',\n'501360920',\n'202420140',\n'303530092',\n'402240582',\n'105110701',\n'121630006',\n'301600307',\n'116040510',\n'603860969',\n'203180407',\n'105050421',\n'900760564',\n'603530750',\n'207140301',\n'207800396',\n'503220956',\n'605260387',\n'207560089',\n'402970162',\n'604100920',\n'114770575',\n'503280016',\n'207960762',\n'604160307',\n'604470845',\n'207640475',\n'109890589',\n'601660385',\n'104940504',\n'111680683',\n'1531186',\n'603380572',\n'116550410',\n'4048579',\n'113700974',\n'603940109',\n'701700194',\n'702320505',\n'114280745',\n'206380274',\n'304560399',\n'206790449',\n'204490060',\n'116460046',\n'114620599',\n'302930364',\n'30068386845',\n'112670817',\n'108260839',\n'114780581',\n'204820490',\n'105080144',\n'104200434',\n'109600801',\n'800720671',\n'103800359',\n'205500780',\n'155816589012',\n'109980973',\n'117960565',\n'603970063',\n'604370726',\n'701150754',\n'115100043',\n'110810077',\n'206430456',\n'602370201',\n'155819076402',\n'604650878',\n'801220682',\n'207270057',\n'501950283')","singleMode":true,"objects":[{"@type":"mObject","name":"REP_SF_PROD_FISICOS_VM","label":"REP_SF_PROD_FISICOS_VM","metadataUpdated":false,"relations":[],"children":[]}],"filters":[],"sortFields":[]},"runtimeAttrs":{},"isRESTModernSource":true,"isFileList":false,"handleSpecialChars":false,"handleDecimalRoundOff":false,"frsAsset":false,"dynamicFileName":false,"excludeDynamicFileNameField":false,"currentlyProcessedFileName":false,"retainFieldMetadata":false,"useExactSrcNames":false,"tgtObjectAttributes":{},"runtimeParameterData":{"@type":"mtTaskRuntimeParameterData","isConnectionRuntimeParameter":false,"isObjectRuntimeParameter":false},"overridableProperties":[],"overriddenFields":[]},{"@type":"mtTaskParameter","id":55286938,"name":"$sc_Sales_Force_Product$","type":"EXTENDED_SOURCE","label":"sc_Sales_Force_Product","uiProperties":{"connectionParameterized":"false","isSelectDistinct":"false","isMsrcFilterParameterized":"false","isMsrcSortParameterized":"false","objectParameterized":"false","visible":"false","originalPath":"sc_Sales_Force_Product"},"sourceConnectionId":"@hpB8VUauhefjcJs25ZGnMr","newFlatFile":false,"newObject":false,"showBusinessNames":false,"naturalOrder":true,"truncateTarget":false,"bulkApiDBTarget":false,"customFuncCfg":{"@type":"customFuncConfig","id":-1,"connections":[],"inputMap":[],"outputFields":[]},"targetRefsV2":{},"targetUpdateColumns":[],"extendedObject":{"@type":"extendedObject","object":{"@type":"mObject","name":"ProductoCliente__c","label":"Productos por Clientes","metadataUpdated":false,"relations":[],"children":[]},"advancedFilterExpression":"ProductoCliente__c.Cliente_Identificaci_n_ID__c IN ('401690663',\n'109390265',\n'155810586217',\n'204600045',\n'206130534',\n'304050737',\n'111260965',\n'701260413',\n'603740970',\n'503090986',\n'204140775',\n'700280536',\n'303690906',\n'112910770',\n'111920434',\n'503640807',\n'701880132',\n'301220464',\n'112570852',\n'601890955',\n'112400849',\n'118350878',\n'604850972',\n'102830581',\n'109120250',\n'901040367',\n'116320953',\n'204550439',\n'105610719',\n'105660343',\n'503260055',\n'112420959',\n'110150935',\n'110110094',\n'800540906',\n'700290748',\n'103941274',\n'105320959',\n'106070190',\n'302870801',\n'400820692',\n'111140184',\n'203130870',\n'205480270',\n'105550332',\n'116890193',\n'603600354',\n'109550227',\n'106480287',\n'105670438',\n'106610762',\n'116930304',\n'113250945',\n'112340864',\n'502920087',\n'604180480',\n'304890835',\n'119250332',\n'503720344',\n'155814359522',\n'206720037',\n'114010925',\n'206940075',\n'204420945',\n'112720022',\n'301430721',\n'701530561',\n'116660071',\n'155809823009',\n'203610747',\n'504070057',\n'700520752',\n'901250488',\n'205950707',\n'204910143',\n'504120480',\n'701060972',\n'702360211',\n'206200108',\n'116150653',\n'604360122',\n'114730078',\n'306230056',\n'303740945',\n'155821866911',\n'702070280',\n'502620060',\n'116420627',\n'207460350',\n'203250576',\n'112110176',\n'109230549',\n'155821458919',\n'155805306111',\n'604310800',\n'155811125315',\n'105810888',\n'306230244',\n'155818408801',\n'116320854',\n'206970826',\n'604020228',\n'504150939',\n'114020886',\n'504080730',\n'116190515',\n'116710500',\n'207410165',\n'303480152',\n'501780358',\n'207660556',\n'303730021',\n'502570842',\n'603130266',\n'702140662',\n'136186300',\n'603080619',\n'111780208',\n'116570179',\n'604120396',\n'208580309',\n'119010771',\n'155804370800',\n'204680115',\n'206490566',\n'501360920',\n'202420140',\n'303530092',\n'402240582',\n'105110701',\n'121630006',\n'301600307',\n'116040510',\n'603860969',\n'203180407',\n'105050421',\n'900760564',\n'603530750',\n'207140301',\n'207800396',\n'503220956',\n'605260387',\n'207560089',\n'402970162',\n'604100920',\n'114770575',\n'503280016',\n'207960762',\n'604160307',\n'604470845',\n'207640475',\n'109890589',\n'601660385',\n'104940504',\n'111680683',\n'1531186',\n'603380572',\n'116550410',\n'4048579',\n'113700974',\n'603940109',\n'701700194',\n'702320505',\n'114280745',\n'206380274',\n'304560399',\n'206790449',\n'204490060',\n'116460046',\n'114620599',\n'302930364',\n'30068386845',\n'112670817',\n'108260839',\n'114780581',\n'204820490',\n'105080144',\n'104200434',\n'109600801',\n'800720671',\n'103800359',\n'205500780',\n'155816589012',\n'109980973',\n'117960565',\n'603970063',\n'604370726',\n'701150754',\n'115100043',\n'110810077',\n'206430456',\n'602370201',\n'155819076402',\n'604650878',\n'801220682',\n'207270057',\n'501950283')","singleMode":true,"objects":[{"@type":"mObject","name":"ProductoCliente__c","label":"Productos por Clientes","metadataUpdated":false,"relations":[],"children":[]}],"filters":[],"sortFields":[]},"runtimeAttrs":{},"isRESTModernSource":true,"isFileList":false,"handleSpecialChars":false,"handleDecimalRoundOff":false,"frsAsset":false,"dynamicFileName":false,"excludeDynamicFileNameField":false,"currentlyProcessedFileName":false,"retainFieldMetadata":false,"useExactSrcNames":false,"tgtObjectAttributes":{},"runtimeParameterData":{"@type":"mtTaskRuntimeParameterData","isConnectionRuntimeParameter":false,"isObjectRuntimeParameter":false},"overridableProperties":[],"overriddenFields":[]},{"@type":"mtTaskParameter","id":55286941,"name":"$Delete_SF$","type":"TARGET","label":"Delete_SF","uiProperties":{"connectionParameterized":"false","objectParameterized":"false","visible":"false","defaultTargetUpdateColumns":"","supportApplyDDLChanges":"false","originalPath":"Delete_SF"},"targetConnectionId":"@hpB8VUauhefjcJs25ZGnMr","targetObject":"ProductoCliente__c","targetObjectLabel":"ProductoCliente__c","newFlatFile":false,"newObject":false,"showBusinessNames":false,"naturalOrder":true,"truncateTarget":false,"bulkApiDBTarget":false,"operationType":"Delete","customFuncCfg":{"@type":"customFuncConfig","id":-1,"connections":[],"inputMap":[],"outputFields":[]},"targetRefsV2":{},"targetUpdateColumns":[],"extendedObject":{"@type":"extendedObject","singleMode":true,"filters":[],"sortFields":[]},"runtimeAttrs":{},"isRESTModernSource":true,"isFileList":false,"handleSpecialChars":false,"handleDecimalRoundOff":false,"frsAsset":false,"dynamicFileName":false,"excludeDynamicFileNameField":false,"currentlyProcessedFileName":false,"retainFieldMetadata":false,"objectName":"ProductoCliente__c","objectLabel":"ProductoCliente__c","useExactSrcNames":false,"tgtObjectAttributes":{},"runtimeParameterData":{"@type":"mtTaskRuntimeParameterData","isConnectionRuntimeParameter":false,"isObjectRuntimeParameter":false},"overridableProperties":[],"overriddenFields":[]},{"@type":"mtTaskParameter","id":55286944,"name":"$Insert_SF$","type":"TARGET","label":"Insert_SF","uiProperties":{"connectionParameterized":"false","objectParameterized":"false","visible":"false","defaultTargetUpdateColumns":"","supportApplyDDLChanges":"false","originalPath":"Insert_SF"},"targetConnectionId":"@hpB8VUauhefjcJs25ZGnMr","targetObject":"ProductoCliente__c","targetObjectLabel":"Productos por Clientes","newFlatFile":false,"newObject":false,"showBusinessNames":false,"naturalOrder":true,"truncateTarget":false,"bulkApiDBTarget":false,"operationType":"Insert","customFuncCfg":{"@type":"customFuncConfig","id":-1,"connections":[],"inputMap":[],"outputFields":[]},"targetRefsV2":{},"targetUpdateColumns":[],"extendedObject":{"@type":"extendedObject","singleMode":true,"filters":[],"sortFields":[]},"runtimeAttrs":{},"isRESTModernSource":true,"isFileList":false,"handleSpecialChars":false,"handleDecimalRoundOff":false,"frsAsset":false,"dynamicFileName":false,"excludeDynamicFileNameField":false,"currentlyProcessedFileName":false,"retainFieldMetadata":false,"objectName":"ProductoCliente__c","objectLabel":"Productos por Clientes","useExactSrcNames":false,"tgtObjectAttributes":{},"runtimeParameterData":{"@type":"mtTaskRuntimeParameterData","isConnectionRuntimeParameter":false,"isObjectRuntimeParameter":false},"overridableProperties":[],"overriddenFields":[]},{"@type":"mtTaskParameter","id":55286947,"name":"$Update_SF$","type":"TARGET","label":"Update_SF","uiProperties":{"connectionParameterized":"false","objectParameterized":"false","visible":"false","defaultTargetUpdateColumns":"","supportApplyDDLChanges":"false","originalPath":"Update_SF"},"targetConnectionId":"@hpB8VUauhefjcJs25ZGnMr","targetObject":"ProductoCliente__c","targetObjectLabel":"Productos por Clientes","newFlatFile":false,"newObject":false,"showBusinessNames":false,"naturalOrder":true,"truncateTarget":false,"bulkApiDBTarget":false,"operationType":"Update","customFuncCfg":{"@type":"customFuncConfig","id":-1,"connections":[],"inputMap":[],"outputFields":[]},"targetRefsV2":{},"targetUpdateColumns":[],"extendedObject":{"@type":"extendedObject","singleMode":true,"filters":[],"sortFields":[]},"runtimeAttrs":{},"isRESTModernSource":true,"isFileList":false,"handleSpecialChars":false,"handleDecimalRoundOff":false,"frsAsset":false,"dynamicFileName":false,"excludeDynamicFileNameField":false,"currentlyProcessedFileName":false,"retainFieldMetadata":false,"objectName":"ProductoCliente__c","objectLabel":"Productos por Clientes","useExactSrcNames":false,"tgtObjectAttributes":{},"runtimeParameterData":{"@type":"mtTaskRuntimeParameterData","isConnectionRuntimeParameter":false,"isObjectRuntimeParameter":false},"overridableProperties":[],"overriddenFields":[]},{"@type":"mtTaskParameter","id":55286950,"name":"$Lookup_sf$","type":"LOOKUP","label":"Lookup_sf","uiProperties":{"connectionParameterized":"false","isCachedLookup":"true","multipleMatchPolicy":"Use All Values","objectParameterized":"false","visible":"false","originalPath":"Lookup_sf"},"lookupConnectionId":"@hpB8VUauhefjcJs25ZGnMr","lookupObject":"Account","lookupObjectLabel":"Account","newFlatFile":false,"newObject":false,"showBusinessNames":false,"naturalOrder":true,"truncateTarget":false,"bulkApiDBTarget":false,"customFuncCfg":{"@type":"customFuncConfig","id":-1,"connections":[],"inputMap":[],"outputFields":[]},"targetRefsV2":{},"targetUpdateColumns":[],"runtimeAttrs":{},"isRESTModernSource":true,"isFileList":false,"handleSpecialChars":false,"handleDecimalRoundOff":false,"frsAsset":false,"dynamicFileName":false,"excludeDynamicFileNameField":false,"currentlyProcessedFileName":false,"retainFieldMetadata":false,"objectName":"Account","objectLabel":"Account","useExactSrcNames":false,"tgtObjectAttributes":{},"runtimeParameterData":{"@type":"mtTaskRuntimeParameterData","isConnectionRuntimeParameter":false,"isObjectRuntimeParameter":false},"overridableProperties":[],"overriddenFields":[]}],"sequences":[],"inOutParameters":[],"connRuntimeAttrs":[]}]