[{"@type":"mappingTemplate","id":"@1","name":"Mp_Tucan_Clientes_BCR","description":"WF de clientes Tucan BCR","bundleVersion":"0","templateId":"@3","deployTime":1656039022000,"hasParameters":false,"valid":true,"fixedConnection":true,"hasParametersDeployed":false,"fixedConnectionDeployed":true,"isSchemaValidationEnabled":false,"tasks":1,"mappingPreviewFileRecordId":"@2","documentType":"MAPPING","references":[{"@type":"reference","refObjectId":"@8CfiILKcpADdxjkB2lT1cq","refType":"connection"},{"@type":"reference","refObjectId":"@lYElU17Q4gSiwHoJ3b3V6E","refType":"connection"}]}]