[{"@type":"mappingTemplate","id":"@1","name":"mp_COMEX_GARANTIAS_CARTAS_BCR","description":"","bundleVersion":"0","templateId":"@3","deployTime":1679120341000,"hasParameters":false,"valid":true,"fixedConnection":true,"hasParametersDeployed":false,"fixedConnectionDeployed":true,"isSchemaValidationEnabled":false,"tasks":1,"mappingPreviewFileRecordId":"@2","documentType":"MAPPING","references":[{"@type":"reference","refObjectId":"@1cOSWMXrNuNddcBgphDGaL","refType":"connection"},{"@type":"reference","refObjectId":"@4u8ZFAkJ52ql7a7mh1CcCv","refType":"connection"},{"@type":"reference","refObjectId":"@8CfiILKcpADdxjkB2lT1cq","refType":"connection"}]}]