[{"@type":"mappingTemplate","id":"@1","name":"mp_FIDEICOMISOS_BCR","description":"Taskflow DE FIDEICOMISO A DATA_LAKE:\n197: ADMINISTRACION, ADMINISTRACION DE FLUJOS Y PAGOS, ADMINISTRACION E INVERSION, COMISION DE CONFIANZA, GARANTIA, OPERATIVO, VIVIENDA\n637: OBRA PUBLICA\n244: OBRA PUBLICA","bundleVersion":"0","templateId":"@3","deployTime":1659400006000,"hasParameters":false,"valid":true,"fixedConnection":true,"hasParametersDeployed":false,"fixedConnectionDeployed":true,"isSchemaValidationEnabled":false,"tasks":1,"mappingPreviewFileRecordId":"@2","documentType":"MAPPING","references":[{"@type":"reference","refObjectId":"@0YFGZIfHvQsiB7Ehugf9OI","refType":"connection"},{"@type":"reference","refObjectId":"@39oPXTr3NGuggrNieuIGg3","refType":"connection"}]}]