[{"@type":"mappingTemplate","id":"@1","name":"Mp_Marchamos_Personas_BCR","description":"task  de Marchamos BCR de personas","bundleVersion":"0","templateId":"@3","deployTime":1654300046000,"hasParameters":false,"valid":true,"fixedConnection":true,"hasParametersDeployed":false,"fixedConnectionDeployed":true,"isSchemaValidationEnabled":false,"tasks":1,"mappingPreviewFileRecordId":"@2","documentType":"MAPPING","references":[{"@type":"reference","refObjectId":"@8CfiILKcpADdxjkB2lT1cq","refType":"connection"},{"@type":"reference","refObjectId":"@9vSe6kBwjsolrjgsuUb2i4","refType":"connection"}]}]