[{"@type":"mappingTemplate","id":"@1","name":"Mp_Cargos_Automaticos_BCR","description":"Taskflow carga para  Cargos_Automaticos_BCR  ","bundleVersion":"0","templateId":"@3","deployTime":1656115255000,"hasParameters":false,"valid":true,"fixedConnection":true,"hasParametersDeployed":false,"fixedConnectionDeployed":true,"isSchemaValidationEnabled":false,"tasks":1,"mappingPreviewFileRecordId":"@2","documentType":"MAPPING","references":[{"@type":"reference","refObjectId":"@8CfiILKcpADdxjkB2lT1cq","refType":"connection"},{"@type":"reference","refObjectId":"@9gEOXYeF1Qwl1PMzmhsO2z","refType":"connection"}]}]