[{"@type":"mappingTemplate","id":"@1","name":"Mp_Negociacion_Divisas_BCR","description":"WF de clientes Negociacion_Divisas_BCR","bundleVersion":"0","templateId":"@3","deployTime":1686885013000,"hasParameters":false,"valid":true,"fixedConnection":true,"hasParametersDeployed":false,"fixedConnectionDeployed":true,"isSchemaValidationEnabled":false,"tasks":1,"mappingPreviewFileRecordId":"@2","documentType":"MAPPING","references":[{"@type":"reference","refObjectId":"@6HwWUo7tBKRgPOQFxJxKKt","refType":"connection"},{"@type":"reference","refObjectId":"@46cML5agGe5b97jqRYHfyo","refType":"connection"}]}]