[{"@type":"mtTask","id":"@1","name":"wf_Carga_Clientes_Juridicos_SF","description":"","errorTaskEmail":{"@type":"taskEmail","id":490555,"emails":"jpaniagua@bancobcr.com","emailType":"ERROR"},"successTaskEmail":{"@type":"taskEmail","id":490558,"emails":"jpaniagua@bancobcr.com","emailType":"SUCCESS"},"warningTaskEmail":{"@type":"taskEmail","id":490561,"emails":"jpaniagua@bancobcr.com","emailType":"WARNING"},"runtimeEnvironmentId":"@2KlpZ4hk80PgrgH0CxoRcH","maxLogs":10,"verbose":false,"lastRunTime":1588109957000,"mappingId":"@9fU3lZnoU8cjSNpNf0IQat","frsGuid":"gW0CWrbs5oeeoZnWAVmSia","shortDescription":"","sessionPropertiesList":[],"enableCrossSchemaPushdown":true,"enableParallelRun":false,"autoTunedApplied":false,"autoTunedAppliedType":"NONE","schemaMode":"async","valid":true,"schemaValidationErrorCount":-1,"parameterFileEncoding":"UTF-8","serverlessProperties":{},"taskProperties":[{"@type":"taskProperty","name":"parameterFileDir","currentValue":"","type":"STRING","label":"label.parameterFileDir","required":false},{"@type":"taskProperty","name":"parameterFileName","currentValue":"","type":"STRING","label":"label.parameterFileName","required":false}],"parameters":[{"@type":"mtTaskParameter","id":59985796,"name":"$sc_DWH_REP_SF_CLIENTES_JURIDICOS$","type":"EXTENDED_SOURCE","label":"sc_DWH_REP_SF_CLIENTES_JURIDICOS","uiProperties":{"connectionParameterized":"false","isSelectDistinct":"false","isMsrcFilterParameterized":"false","isMsrcSortParameterized":"false","objectParameterized":"false","visible":"false","originalPath":"sc_DWH_REP_SF_CLIENTES_JURIDICOS"},"sourceConnectionId":"@8CfiILKcpADdxjkB2lT1cq","newFlatFile":false,"newObject":false,"showBusinessNames":false,"naturalOrder":true,"truncateTarget":false,"bulkApiDBTarget":false,"customFuncCfg":{"@type":"customFuncConfig","id":-1,"connections":[],"inputMap":[],"outputFields":[]},"targetRefsV2":{},"targetUpdateColumns":[],"extendedObject":{"@type":"extendedObject","object":{"@type":"mObject","name":"REP_SF_CLI_JURIDICOS_VM","label":"REP_SF_CLI_JURIDICOS_VM","metadataUpdated":false,"relations":[],"children":[]},"advancedFilterExpression":"REP_SF_CLI_JURIDICOS_VM.IDENTIFICACION IN ('216228',\n'3101042427',\n'3101098763',\n'3101681364',\n'3101705978',\n'3101678195',\n'2218',\n'3101026129',\n'101181',\n'3101676323',\n'3102681531',\n'3101495908',\n'3002359086',\n'3101434521',\n'3101401604',\n'3101752439',\n'3101700941',\n'3101480593',\n'3101731565',\n'3101730821',\n'3101672308',\n'3101704994',\n'3101072996',\n'3101677811',\n'3101680977',\n'3101613206',\n'211371',\n'3002705109',\n'210937',\n'3102619901',\n'3101682171',\n'3102715278',\n'3102688815',\n'62223')","singleMode":true,"objects":[{"@type":"mObject","name":"REP_SF_CLI_JURIDICOS_VM","label":"REP_SF_CLI_JURIDICOS_VM","metadataUpdated":false,"relations":[],"children":[]}],"filters":[],"sortFields":[]},"runtimeAttrs":{},"isRESTModernSource":true,"isFileList":false,"handleSpecialChars":false,"handleDecimalRoundOff":false,"frsAsset":false,"dynamicFileName":false,"excludeDynamicFileNameField":false,"currentlyProcessedFileName":false,"retainFieldMetadata":false,"useExactSrcNames":false,"tgtObjectAttributes":{},"runtimeParameterData":{"@type":"mtTaskRuntimeParameterData","isConnectionRuntimeParameter":false,"isObjectRuntimeParameter":false},"overridableProperties":[],"overriddenFields":[]},{"@type":"mtTaskParameter","id":59985799,"name":"$sc_SalesForce$","type":"EXTENDED_SOURCE","label":"sc_SalesForce","uiProperties":{"connectionParameterized":"false","isSelectDistinct":"false","isMsrcFilterParameterized":"false","isMsrcSortParameterized":"false","objectParameterized":"false","visible":"false","originalPath":"sc_SalesForce"},"sourceConnectionId":"@hpB8VUauhefjcJs25ZGnMr","newFlatFile":false,"newObject":false,"showBusinessNames":false,"naturalOrder":true,"truncateTarget":false,"bulkApiDBTarget":false,"customFuncCfg":{"@type":"customFuncConfig","id":-1,"connections":[],"inputMap":[],"outputFields":[]},"targetRefsV2":{},"targetUpdateColumns":[],"extendedObject":{"@type":"extendedObject","object":{"@type":"mObject","name":"Account","label":"Cliente","metadataUpdated":false,"relations":[],"children":[]},"advancedFilterExpression":"Account.Identificacion__c IN ('216228',\n'3101042427',\n'3101098763',\n'3101681364',\n'3101705978',\n'3101678195',\n'2218',\n'3101026129',\n'101181',\n'3101676323',\n'3102681531',\n'3101495908',\n'3002359086',\n'3101434521',\n'3101401604',\n'3101752439',\n'3101700941',\n'3101480593',\n'3101731565',\n'3101730821',\n'3101672308',\n'3101704994',\n'3101072996',\n'3101677811',\n'3101680977',\n'3101613206',\n'211371',\n'3002705109',\n'210937',\n'3102619901',\n'3101682171',\n'3102715278',\n'3102688815',\n'62223')","singleMode":true,"objects":[{"@type":"mObject","name":"Account","label":"Cliente","metadataUpdated":false,"relations":[],"children":[]}],"filters":[],"sortFields":[]},"runtimeAttrs":{},"isRESTModernSource":true,"isFileList":false,"handleSpecialChars":false,"handleDecimalRoundOff":false,"frsAsset":false,"dynamicFileName":false,"excludeDynamicFileNameField":false,"currentlyProcessedFileName":false,"retainFieldMetadata":false,"useExactSrcNames":false,"tgtObjectAttributes":{},"runtimeParameterData":{"@type":"mtTaskRuntimeParameterData","isConnectionRuntimeParameter":false,"isObjectRuntimeParameter":false},"overridableProperties":[],"overriddenFields":[]},{"@type":"mtTaskParameter","id":59985802,"name":"$Insert_Cli_SalesForce1$","type":"TARGET","label":"Insert_Cli_SalesForce1","uiProperties":{"connectionParameterized":"false","objectParameterized":"false","visible":"false","defaultTargetUpdateColumns":"","supportApplyDDLChanges":"false","originalPath":"Insert_Cli_SalesForce1"},"targetConnectionId":"@hpB8VUauhefjcJs25ZGnMr","targetObject":"Account","targetObjectLabel":"Cliente","newFlatFile":false,"newObject":false,"showBusinessNames":false,"naturalOrder":true,"truncateTarget":false,"bulkApiDBTarget":false,"operationType":"Insert","customFuncCfg":{"@type":"customFuncConfig","id":-1,"connections":[],"inputMap":[],"outputFields":[]},"targetRefsV2":{},"targetUpdateColumns":[],"extendedObject":{"@type":"extendedObject","singleMode":true,"filters":[],"sortFields":[]},"runtimeAttrs":{},"isRESTModernSource":true,"isFileList":false,"handleSpecialChars":false,"handleDecimalRoundOff":false,"frsAsset":false,"dynamicFileName":false,"excludeDynamicFileNameField":false,"currentlyProcessedFileName":false,"retainFieldMetadata":false,"objectName":"Account","objectLabel":"Cliente","useExactSrcNames":false,"tgtObjectAttributes":{},"runtimeParameterData":{"@type":"mtTaskRuntimeParameterData","isConnectionRuntimeParameter":false,"isObjectRuntimeParameter":false},"overridableProperties":[],"overriddenFields":[]},{"@type":"mtTaskParameter","id":59985805,"name":"$Upsert_Cli_SalesForce$","type":"TARGET","label":"Upsert_Cli_SalesForce","uiProperties":{"connectionParameterized":"false","objectParameterized":"false","visible":"false","defaultTargetUpdateColumns":"","supportApplyDDLChanges":"false","originalPath":"Upsert_Cli_SalesForce"},"targetConnectionId":"@hpB8VUauhefjcJs25ZGnMr","targetObject":"Account","targetObjectLabel":"Cliente","newFlatFile":false,"newObject":false,"showBusinessNames":false,"naturalOrder":true,"truncateTarget":false,"bulkApiDBTarget":false,"operationType":"Upsert","customFuncCfg":{"@type":"customFuncConfig","id":-1,"connections":[],"inputMap":[],"outputFields":[]},"targetRefsV2":{},"targetUpdateColumns":[],"extendedObject":{"@type":"extendedObject","singleMode":true,"filters":[],"sortFields":[]},"runtimeAttrs":{},"isRESTModernSource":true,"isFileList":false,"handleSpecialChars":false,"handleDecimalRoundOff":false,"frsAsset":false,"dynamicFileName":false,"excludeDynamicFileNameField":false,"currentlyProcessedFileName":false,"retainFieldMetadata":false,"objectName":"Account","objectLabel":"Cliente","useExactSrcNames":false,"tgtObjectAttributes":{},"runtimeParameterData":{"@type":"mtTaskRuntimeParameterData","isConnectionRuntimeParameter":false,"isObjectRuntimeParameter":false},"overridableProperties":[],"overriddenFields":[]}],"sequences":[],"inOutParameters":[],"connRuntimeAttrs":[]}]