[{"@type":"mappingTemplate","id":"@1","name":"Mapping de GARANTIAS_SF_DWH","description":"Extracts data incrementally from a Salesforce object based on its timestamp and loads it to an existing target.\n\nThe Mapping task extracts data from the Salesforce object starting at the last saved timestamp value (ms precision). The last saved timestamp value is stored in in-out parameter, v_max_value.","bundleVersion":"0","templateId":"@3","deployTime":1687555500000,"hasParameters":true,"valid":true,"fixedConnection":false,"hasParametersDeployed":true,"fixedConnectionDeployed":false,"isSchemaValidationEnabled":false,"tasks":1,"mappingPreviewFileRecordId":"@2","references":[]}]