[{"@type":"mtTask","id":"@1","name":"Mt_MOCCI_COMEX_COBRANZAS_BCR","description":"","runtimeEnvironmentId":"@2KlpZ4hk80PgrgH0CxoRcH","maxLogs":10,"verbose":false,"lastRunTime":1648081034000,"mappingId":"@gPTO5rf4zOobyLMXg2gy4I","frsGuid":"2ZAwnMnEbCElHvclpgPSUL","shortDescription":"","sessionPropertiesList":[{"name":"Allow Temporary Sequence for Pushdown","value":"YES","recommended":false},{"name":"Allow Temporary View for Pushdown","value":"YES","recommended":false},{"name":"Pushdown Optimization","value":"Full","recommended":false},{"name":"Pushdown Optimization Context","value":"None","recommended":false},{"name":"Run Only In Pushdown Mode","value":"NO","recommended":false}],"enableCrossSchemaPushdown":true,"enableParallelRun":false,"autoTunedApplied":false,"autoTunedAppliedType":"NONE","paramFileType":"PARAM_FILE_LOCAL","schemaMode":"async","valid":true,"schemaValidationErrorCount":-1,"parameterFileEncoding":"UTF-8","serverlessProperties":{},"taskProperties":[{"@type":"taskProperty","name":"parameterFileDir","currentValue":"","type":"STRING","label":"label.parameterFileDir","required":false},{"@type":"taskProperty","name":"parameterFileName","currentValue":"","type":"STRING","label":"label.parameterFileName","required":false}],"parameters":[{"@type":"mtTaskParameter","id":744718465,"name":"$src_BANKTRADE$","type":"EXTENDED_SOURCE","label":"src_BANKTRADE","uiProperties":{"connectionParameterized":"false","isSelectDistinct":"false","isMsrcFilterParameterized":"false","isMsrcSortParameterized":"false","objectParameterized":"false","visible":"false","originalPath":"src_BANKTRADE"},"sourceConnectionId":"@4u8ZFAkJ52ql7a7mh1CcCv","newFlatFile":false,"newObject":false,"showBusinessNames":false,"naturalOrder":true,"truncateTarget":false,"bulkApiDBTarget":false,"srcFFAttrs":{"@type":"flatFileAttrs","id":81642010,"delimiter":",","textQualifier":"\"","escapeChar":"","headerLineNo":1,"firstDataRow":2},"customFuncCfg":{"@type":"customFuncConfig","id":-1,"connections":[],"inputMap":[],"outputFields":[]},"targetRefsV2":{},"targetUpdateColumns":[],"extendedObject":{"@type":"extendedObject","object":{"@type":"mObject","name":"dummy_file.txt","label":"dummy_file.txt","metadataUpdated":false,"relations":[],"children":[]},"singleMode":true,"objects":[{"@type":"mObject","name":"dummy_file.txt","label":"dummy_file.txt","metadataUpdated":false,"relations":[],"children":[]}],"filters":[],"sortFields":[]},"runtimeAttrs":{},"isRESTModernSource":true,"isFileList":false,"handleSpecialChars":false,"handleDecimalRoundOff":false,"frsAsset":false,"dynamicFileName":false,"excludeDynamicFileNameField":false,"currentlyProcessedFileName":false,"retainFieldMetadata":false,"useExactSrcNames":false,"tgtObjectAttributes":{},"runtimeParameterData":{"@type":"mtTaskRuntimeParameterData","isConnectionRuntimeParameter":false,"isObjectRuntimeParameter":false},"overridableProperties":[],"overriddenFields":[]},{"@type":"mtTaskParameter","id":744718468,"name":"$tgt_COMEX_COBRANZAS_RAW$","type":"TARGET","label":"tgt_COMEX_COBRANZAS_RAW","uiProperties":{"connectionParameterized":"false","objectParameterized":"false","visible":"false","defaultTargetUpdateColumns":"","supportApplyDDLChanges":"false","originalPath":"tgt_COMEX_COBRANZAS_RAW"},"targetConnectionId":"@8CfiILKcpADdxjkB2lT1cq","targetObject":"COMEX_COBRANZAS_RAW","targetObjectLabel":"COMEX_COBRANZAS_RAW","newFlatFile":false,"newObject":false,"showBusinessNames":false,"naturalOrder":true,"truncateTarget":false,"bulkApiDBTarget":false,"operationType":"Insert","customFuncCfg":{"@type":"customFuncConfig","id":-1,"connections":[],"inputMap":[],"outputFields":[]},"targetRefsV2":{},"targetUpdateColumns":[],"extendedObject":{"@type":"extendedObject","singleMode":true,"filters":[],"sortFields":[]},"runtimeAttrs":{},"isRESTModernSource":true,"isFileList":false,"handleSpecialChars":false,"handleDecimalRoundOff":false,"frsAsset":false,"dynamicFileName":false,"excludeDynamicFileNameField":false,"currentlyProcessedFileName":false,"retainFieldMetadata":false,"objectName":"COMEX_COBRANZAS_RAW","objectLabel":"COMEX_COBRANZAS_RAW","useExactSrcNames":false,"tgtObjectAttributes":{},"runtimeParameterData":{"@type":"mtTaskRuntimeParameterData","isConnectionRuntimeParameter":false,"isObjectRuntimeParameter":false},"overridableProperties":[],"overriddenFields":[]},{"@type":"mtTaskParameter","id":744718471,"name":"$SQL_COMEX_COBRANZAS$","type":"CONNECTION","label":"SQL_COMEX_COBRANZAS","uiProperties":{"connectionParameterized":"false","objectParameterized":"false","isSQLConnectionParam":"true","originalPath":"SQL_COMEX_COBRANZAS"},"transfConnectionId":"@1cOSWMXrNuNddcBgphDGaL","newFlatFile":false,"newObject":false,"showBusinessNames":true,"naturalOrder":true,"truncateTarget":false,"bulkApiDBTarget":false,"customFuncCfg":{"@type":"customFuncConfig","id":-1,"connections":[],"inputMap":[],"outputFields":[]},"targetRefsV2":{},"targetUpdateColumns":[],"runtimeAttrs":{},"isRESTModernSource":true,"customQuery":"SELECT\n  L30.C30_GROUP + L30.C30_NUMBER AS NUMERO,\n  --->numero de trasnsaccion\n  CASE\n    WHEN [L30].[C30_GROUP] = 'O'\n    AND CONVERT(varchar, LTRIM(RTRIM(LACTM00_1.AM0_CLS_NUMBER))) = ' ' THEN replace(\n      ltrim(\n        replace(\n          LTRIM(RTRIM(LACTM00_1.AM0_ACCOUNT_NUM)),\n          '0',\n          ' '\n        )\n      ),\n      ' ',\n      '0'\n    )\n    WHEN [L30].[C30_GROUP] = 'O'\n    AND CONVERT(varchar, LTRIM(RTRIM(LACTM00_1.AM0_ACCOUNT_NUM))) = ' ' THEN replace(\n      ltrim(\n        replace(LTRIM(RTRIM(LACTM00_1.AM0_CLS_NUMBER)), '0', ' ')\n      ),\n      ' ',\n      '0'\n    )\n    WHEN [L30].[C30_GROUP] = 'I'\n    AND LTRIM(RTRIM(L30.C30_DRAWEE_ACCOUNT)) = 'BCRICRSJ' THEN '4000000019' ---SE TOMA COMO SI FUERA BCR\n    WHEN [L30].[C30_GROUP] = 'I' THEN replace(\n      ltrim(\n        replace(LTRIM(RTRIM(L30.C30_DRAWEE_ACCOUNT)), '0', ' ')\n      ),\n      ' ',\n      '0'\n    )\n    else replace(\n      ltrim(\n        replace(LTRIM(RTRIM(LACTM00_1.AM0_CLS_NUMBER)), '0', ' ')\n      ),\n      ' ',\n      '0'\n    )\n  END CEDULA_RUC,CASE\n    WHEN [L30].[C30_GROUP] = 'O' THEN replace(\n      ltrim(\n        replace(LTRIM(RTRIM(L30.C30_PRSNTR_BK_ACCT)), '0', ' ')\n      ),\n      ' ',\n      '0'\n    )\n    WHEN [L30].[C30_GROUP] = 'I'\n    AND LTRIM(RTRIM(L30.C30_DRAWEE_ACCOUNT)) = 'BCRICRSJ' THEN '400000019921' ---SE TOMA COMO SI FUERA BCR\n    WHEN [L30].[C30_GROUP] = 'I' THEN replace(\n      ltrim(\n        replace(LTRIM(RTRIM(L30.C30_DRAWEE_ACCOUNT)), '0', ' ')\n      ),\n      ' ',\n      '0'\n    )\n  END CEDULA_SICC,CASE\n    WHEN [L30].[C30_GROUP] = 'O' THEN LACTM00_1.AM0_NAME_ADDRESS_1 + LACTM00_1.AM0_NAME_ADDRESS_2\n    WHEN [L30].[C30_GROUP] = 'I' THEN C31_DRWE_NME_ADR_1\n  END NOMBRE,\n  L30.C30_CURR_CODE AS MONEDA,\n  L30.C30_ORIG_AMT_FGN AS MONTO_ORIGINAL,\n  L30.C30_ORIG_AMT_BASE AS MONTO_USD,\n  convert(\n    INT,\n    convert(\n      varchar(10),\n      convert(\n        date,\n        SUBSTRING(convert(varchar(10), L30.C30_ISSUE_DATE), 2, 6),\n        12\n      ),\n      112\n    )\n  ) AS FECHA_CREACION,(\n    case\n      when C30_RELEASE_DATE2 > 0 then (\n        '20' + substring(cast(C30_RELEASE_DATE2 as char), 2, 2) + substring(cast(C30_RELEASE_DATE2 as char), 4, 2) + substring(cast(C30_RELEASE_DATE2 as char), 6, 2)\n      )\n    END\n  ) AS FECHA_LIBERACION,\n  L30.C30_PAY_BK_COSTCTR AS CENTRO_COSTO,\n  LT.TBF_DESCRIPTION_1 AS NOMBRE_OFICINA,\n  CASE WHEN L30.C30_COMM_CURR='USD' THEN 2\n       ELSE 0 END MONEDA_COMISION,\n  L30.C30_COMM_AMT AS MONTO_COMISION,CASE\n    WHEN L30.C30_GROUP = 'I' THEN 'IMPORTACION'\n    ELSE 'EXPORTACION'\n  END AS TIPO_COBRANZA,CASE\n    WHEN L30.C30_COMM_TAKE_IND = 'W' THEN 'Exonerada'\n    ELSE 'Cobrada'\n  END AS TOMAR_DE\nFROM\n  LOLOC30 L30 WITH (NOLOCK)\n  LEFT JOIN LACTM00 LACTM00_1 WITH (NOLOCK) ON LACTM00_1.XLACTM00_KEY = CAST(C30_PRSNTR_BK_ACCT + '00    ' AS VARBINARY(41))\n  LEFT JOIN LACTM00 LACTM00_2 WITH (NOLOCK) ON LACTM00_2.XLACTM00_KEY = CAST(C30_PAYER_BK_ACCT + '00    ' AS VARBINARY(41))\n  LEFT JOIN LOLOC31 WITH (NOLOCK) ON LOLOC31.XLOLOC31_KEY = CAST(\n    (\n      C30_GROUP + RIGHT(REPLICATE('0', 6) + RTRIM(C30_NUMBER), 6)\n    ) + '31000000000' + REPLICATE(' ', 28) AS VARBINARY(46)\n  )\n  LEFT JOIN LTABL LT WITH (NOLOCK) ON LT.TBF_NUM = '204'\n  AND LT.TBF_ID = C30_PAY_BK_COSTCTR\n  AND LT.TBF_LOCATION = '      '\nWHERE\n  [L30].[C30_GROUP] IN ('I', 'O')\n  AND [L30].[C30_AMEND_CNT] = 0","isFileList":false,"handleSpecialChars":false,"handleDecimalRoundOff":false,"frsAsset":false,"dynamicFileName":false,"excludeDynamicFileNameField":false,"currentlyProcessedFileName":false,"retainFieldMetadata":false,"useExactSrcNames":false,"tgtObjectAttributes":{},"runtimeParameterData":{"@type":"mtTaskRuntimeParameterData","isConnectionRuntimeParameter":false,"isObjectRuntimeParameter":false},"overridableProperties":[],"nmoSubType":"ENTERED_QUERY","overriddenFields":[]}],"sequences":[],"inOutParameters":[{"@type":"mtTaskInOutParameter","id":"-1","name":"in_ID_Proceso_Carga","description":"","initialValue":"","datatype":"INTEGER","precision":"10","scale":"0","retentionPolicy":"ON_SUCCESS_OR_WARNING","aggregationType":"MAX","currentValue":"5444945"},{"@type":"mtTaskInOutParameter","id":"-1","name":"mp_Fecha_Ult_Carga","description":"","initialValue":"","datatype":"STRING","precision":"30","scale":"0","retentionPolicy":"ON_SUCCESS_OR_WARNING","aggregationType":"MAX","currentValue":"20220321 15:08:29"}],"connRuntimeAttrs":[]}]