[{"@type":"mtTask","id":"@1","name":"Mt_COMEX_DILIGENCIAS_SALIENTES","description":"","runtimeEnvironmentId":"@2KlpZ4hk80PgrgH0CxoRcH","maxLogs":10,"verbose":false,"lastRunTime":1683169981000,"mappingId":"@fP6mtVnqO2uglTSv2HNVyf","frsGuid":"46xY2BZQ5gGcseyxu5At2I","shortDescription":"","sessionPropertiesList":[{"name":"Allow Temporary Sequence for Pushdown","value":"NO","recommended":false},{"name":"Allow Temporary View for Pushdown","value":"NO","recommended":false},{"name":"Pushdown Optimization","value":"None","recommended":false},{"name":"Pushdown Optimization Context","value":"None","recommended":false},{"name":"Run Only In Pushdown Mode","value":"NO","recommended":false}],"enableCrossSchemaPushdown":true,"enableParallelRun":true,"autoTunedApplied":false,"autoTunedAppliedType":"NONE","paramFileType":"PARAM_FILE_LOCAL","schemaMode":"async","valid":true,"schemaValidationErrorCount":-1,"parameterFileEncoding":"UTF-8","serverlessProperties":{},"taskProperties":[{"@type":"taskProperty","name":"parameterFileDir","currentValue":"","type":"STRING","label":"label.parameterFileDir","required":false},{"@type":"taskProperty","name":"parameterFileName","currentValue":"","type":"STRING","label":"label.parameterFileName","required":false}],"parameters":[{"@type":"mtTaskParameter","id":751985560,"name":"$Sc_BANKTRADE_SQL$","type":"EXTENDED_SOURCE","label":"Sc_BANKTRADE_SQL","uiProperties":{"connectionParameterized":"false","isSelectDistinct":"false","isMsrcFilterParameterized":"false","isMsrcSortParameterized":"false","objectParameterized":"false","visible":"false","originalPath":"Sc_BANKTRADE_SQL"},"sourceConnectionId":"@4u8ZFAkJ52ql7a7mh1CcCv","newFlatFile":false,"newObject":false,"showBusinessNames":false,"naturalOrder":true,"truncateTarget":false,"bulkApiDBTarget":false,"srcFFAttrs":{"@type":"flatFileAttrs","id":82334782,"delimiter":",","textQualifier":"\"","escapeChar":"","headerLineNo":1,"firstDataRow":2},"customFuncCfg":{"@type":"customFuncConfig","id":-1,"connections":[],"inputMap":[],"outputFields":[]},"targetRefsV2":{},"targetUpdateColumns":[],"extendedObject":{"@type":"extendedObject","object":{"@type":"mObject","name":"dummy_file.txt","label":"dummy_file.txt","metadataUpdated":false,"relations":[],"children":[]},"singleMode":true,"objects":[{"@type":"mObject","name":"dummy_file.txt","label":"dummy_file.txt","metadataUpdated":false,"relations":[],"children":[]}],"filters":[],"sortFields":[]},"runtimeAttrs":{},"isRESTModernSource":true,"isFileList":false,"handleSpecialChars":false,"handleDecimalRoundOff":false,"frsAsset":false,"dynamicFileName":false,"excludeDynamicFileNameField":false,"currentlyProcessedFileName":false,"retainFieldMetadata":false,"useExactSrcNames":false,"tgtObjectAttributes":{},"runtimeParameterData":{"@type":"mtTaskRuntimeParameterData","isConnectionRuntimeParameter":false,"isObjectRuntimeParameter":false},"overridableProperties":[],"overriddenFields":[]},{"@type":"mtTaskParameter","id":751985563,"name":"$Sc_DIM_CLIENTES_BCR$","type":"EXTENDED_SOURCE","label":"Sc_DIM_CLIENTES_BCR","uiProperties":{"connectionParameterized":"false","isSelectDistinct":"false","isMsrcFilterParameterized":"false","isMsrcSortParameterized":"false","objectParameterized":"false","visible":"false","originalPath":"Sc_DIM_CLIENTES_BCR"},"sourceConnectionId":"@39oPXTr3NGuggrNieuIGg3","newFlatFile":false,"newObject":false,"showBusinessNames":false,"naturalOrder":true,"truncateTarget":false,"bulkApiDBTarget":false,"customFuncCfg":{"@type":"customFuncConfig","id":-1,"connections":[],"inputMap":[],"outputFields":[]},"targetRefsV2":{},"targetUpdateColumns":[],"extendedObject":{"@type":"extendedObject","object":{"@type":"mObject","name":"DIM_CLIENTES_BCR","label":"DIM_CLIENTES_BCR","metadataUpdated":false,"relations":[],"children":[]},"singleMode":true,"objects":[{"@type":"mObject","name":"DIM_CLIENTES_BCR","label":"DIM_CLIENTES_BCR","metadataUpdated":false,"relations":[],"children":[]}],"filters":[],"sortFields":[]},"runtimeAttrs":{},"isRESTModernSource":true,"isFileList":false,"handleSpecialChars":false,"handleDecimalRoundOff":false,"frsAsset":false,"dynamicFileName":false,"excludeDynamicFileNameField":false,"currentlyProcessedFileName":false,"retainFieldMetadata":false,"useExactSrcNames":false,"tgtObjectAttributes":{},"runtimeParameterData":{"@type":"mtTaskRuntimeParameterData","isConnectionRuntimeParameter":false,"isObjectRuntimeParameter":false},"overridableProperties":[],"overriddenFields":[]},{"@type":"mtTaskParameter","id":751985566,"name":"$Sc_EB_CLIENTES$","type":"EXTENDED_SOURCE","label":"Sc_EB_CLIENTES","uiProperties":{"connectionParameterized":"false","isSelectDistinct":"false","isMsrcFilterParameterized":"false","isMsrcSortParameterized":"false","objectParameterized":"false","visible":"false","originalPath":"Sc_EB_CLIENTES"},"sourceConnectionId":"@39oPXTr3NGuggrNieuIGg3","newFlatFile":false,"newObject":false,"showBusinessNames":false,"naturalOrder":true,"truncateTarget":false,"bulkApiDBTarget":false,"customFuncCfg":{"@type":"customFuncConfig","id":-1,"connections":[],"inputMap":[],"outputFields":[]},"targetRefsV2":{},"targetUpdateColumns":[],"extendedObject":{"@type":"extendedObject","object":{"@type":"mObject","name":"STA_EB_CLIENTES","label":"STA_EB_CLIENTES","metadataUpdated":false,"relations":[],"children":[]},"advancedFilterExpression":"STA_EB_CLIENTES.IDENTIFICACION_SICC  IS NOT NULL","singleMode":true,"objects":[{"@type":"mObject","name":"STA_EB_CLIENTES","label":"STA_EB_CLIENTES","metadataUpdated":false,"relations":[],"children":[]}],"filters":[],"sortFields":[]},"runtimeAttrs":{},"isRESTModernSource":true,"isFileList":false,"handleSpecialChars":false,"handleDecimalRoundOff":false,"frsAsset":false,"dynamicFileName":false,"excludeDynamicFileNameField":false,"currentlyProcessedFileName":false,"retainFieldMetadata":false,"useExactSrcNames":false,"tgtObjectAttributes":{},"runtimeParameterData":{"@type":"mtTaskRuntimeParameterData","isConnectionRuntimeParameter":false,"isObjectRuntimeParameter":false},"overridableProperties":[],"overriddenFields":[]},{"@type":"mtTaskParameter","id":751985569,"name":"$Sc_RUC_CAT_ELEMENTO$","type":"EXTENDED_SOURCE","label":"Sc_RUC_CAT_ELEMENTO","uiProperties":{"connectionParameterized":"false","isSelectDistinct":"false","isMsrcFilterParameterized":"false","isMsrcSortParameterized":"false","objectParameterized":"false","visible":"false","originalPath":"Sc_RUC_CAT_ELEMENTO"},"sourceConnectionId":"@aS8BYj5SQcJgB0YTMlUo8P","newFlatFile":false,"newObject":false,"showBusinessNames":false,"naturalOrder":true,"truncateTarget":false,"bulkApiDBTarget":false,"customFuncCfg":{"@type":"customFuncConfig","id":-1,"connections":[],"inputMap":[],"outputFields":[]},"targetRefsV2":{},"targetUpdateColumns":[],"extendedObject":{"@type":"extendedObject","object":{"@type":"mObject","name":"RUC_CAT_ELEMENTO","label":"RUC_CAT_ELEMENTO","metadataUpdated":false,"relations":[],"children":[]},"singleMode":true,"objects":[{"@type":"mObject","name":"RUC_CAT_ELEMENTO","label":"RUC_CAT_ELEMENTO","metadataUpdated":false,"relations":[],"children":[]}],"filters":[],"sortFields":[]},"runtimeAttrs":{},"isRESTModernSource":true,"isFileList":false,"handleSpecialChars":false,"handleDecimalRoundOff":false,"frsAsset":false,"dynamicFileName":false,"excludeDynamicFileNameField":false,"currentlyProcessedFileName":false,"retainFieldMetadata":false,"useExactSrcNames":false,"tgtObjectAttributes":{},"runtimeParameterData":{"@type":"mtTaskRuntimeParameterData","isConnectionRuntimeParameter":false,"isObjectRuntimeParameter":false},"overridableProperties":[],"overriddenFields":[]},{"@type":"mtTaskParameter","id":751985572,"name":"$Sc_RUC_Cliente_Fis$","type":"EXTENDED_SOURCE","label":"Sc_RUC_Cliente_Fis","uiProperties":{"connectionParameterized":"false","isSelectDistinct":"false","isMsrcFilterParameterized":"false","isMsrcSortParameterized":"false","objectParameterized":"false","visible":"false","originalPath":"Sc_RUC_Cliente_Fis"},"sourceConnectionId":"@aS8BYj5SQcJgB0YTMlUo8P","newFlatFile":false,"newObject":false,"showBusinessNames":false,"naturalOrder":true,"truncateTarget":false,"bulkApiDBTarget":false,"customFuncCfg":{"@type":"customFuncConfig","id":-1,"connections":[],"inputMap":[],"outputFields":[]},"targetRefsV2":{},"targetUpdateColumns":[],"extendedObject":{"@type":"extendedObject","object":{"@type":"mObject","name":"RUC_CLIENTE_FISICO","label":"RUC_CLIENTE_FISICO","metadataUpdated":false,"relations":[],"children":[]},"singleMode":true,"objects":[{"@type":"mObject","name":"RUC_CLIENTE_FISICO","label":"RUC_CLIENTE_FISICO","metadataUpdated":false,"relations":[],"children":[]}],"filters":[],"sortFields":[]},"runtimeAttrs":{},"isRESTModernSource":true,"isFileList":false,"handleSpecialChars":false,"handleDecimalRoundOff":false,"frsAsset":false,"dynamicFileName":false,"excludeDynamicFileNameField":false,"currentlyProcessedFileName":false,"retainFieldMetadata":false,"useExactSrcNames":false,"tgtObjectAttributes":{},"runtimeParameterData":{"@type":"mtTaskRuntimeParameterData","isConnectionRuntimeParameter":false,"isObjectRuntimeParameter":false},"overridableProperties":[],"overriddenFields":[]},{"@type":"mtTaskParameter","id":751985575,"name":"$Sc_RUC_Cliente_Jur$","type":"EXTENDED_SOURCE","label":"Sc_RUC_Cliente_Jur","uiProperties":{"connectionParameterized":"false","isSelectDistinct":"false","isMsrcFilterParameterized":"false","isMsrcSortParameterized":"false","objectParameterized":"false","visible":"false","originalPath":"Sc_RUC_Cliente_Jur"},"sourceConnectionId":"@aS8BYj5SQcJgB0YTMlUo8P","newFlatFile":false,"newObject":false,"showBusinessNames":false,"naturalOrder":true,"truncateTarget":false,"bulkApiDBTarget":false,"customFuncCfg":{"@type":"customFuncConfig","id":-1,"connections":[],"inputMap":[],"outputFields":[]},"targetRefsV2":{},"targetUpdateColumns":[],"extendedObject":{"@type":"extendedObject","object":{"@type":"mObject","name":"RUC_CLIENTE_JURIDICO","label":"RUC_CLIENTE_JURIDICO","metadataUpdated":false,"relations":[],"children":[]},"singleMode":true,"objects":[{"@type":"mObject","name":"RUC_CLIENTE_JURIDICO","label":"RUC_CLIENTE_JURIDICO","metadataUpdated":false,"relations":[],"children":[]}],"filters":[],"sortFields":[]},"runtimeAttrs":{},"isRESTModernSource":true,"isFileList":false,"handleSpecialChars":false,"handleDecimalRoundOff":false,"frsAsset":false,"dynamicFileName":false,"excludeDynamicFileNameField":false,"currentlyProcessedFileName":false,"retainFieldMetadata":false,"useExactSrcNames":false,"tgtObjectAttributes":{},"runtimeParameterData":{"@type":"mtTaskRuntimeParameterData","isConnectionRuntimeParameter":false,"isObjectRuntimeParameter":false},"overridableProperties":[],"overriddenFields":[]},{"@type":"mtTaskParameter","id":751985578,"name":"$Sc_RUC_EJECUTIVOS_ADJUN$","type":"EXTENDED_SOURCE","label":"Sc_RUC_EJECUTIVOS_ADJUN","uiProperties":{"connectionParameterized":"false","isSelectDistinct":"false","isMsrcFilterParameterized":"false","isMsrcSortParameterized":"false","objectParameterized":"false","visible":"false","originalPath":"Sc_RUC_EJECUTIVOS_ADJUN"},"sourceConnectionId":"@aS8BYj5SQcJgB0YTMlUo8P","newFlatFile":false,"newObject":false,"showBusinessNames":false,"naturalOrder":true,"truncateTarget":false,"bulkApiDBTarget":false,"customFuncCfg":{"@type":"customFuncConfig","id":-1,"connections":[],"inputMap":[],"outputFields":[]},"targetRefsV2":{},"targetUpdateColumns":[],"extendedObject":{"@type":"extendedObject","object":{"@type":"mObject","name":"EJECUTIVOS_ADJUNTOS","label":"EJECUTIVOS_ADJUNTOS","metadataUpdated":false,"relations":[],"children":[]},"singleMode":true,"objects":[{"@type":"mObject","name":"EJECUTIVOS_ADJUNTOS","label":"EJECUTIVOS_ADJUNTOS","metadataUpdated":false,"relations":[],"children":[]}],"filters":[],"sortFields":[]},"runtimeAttrs":{},"isRESTModernSource":true,"isFileList":false,"handleSpecialChars":false,"handleDecimalRoundOff":false,"frsAsset":false,"dynamicFileName":false,"excludeDynamicFileNameField":false,"currentlyProcessedFileName":false,"retainFieldMetadata":false,"useExactSrcNames":false,"tgtObjectAttributes":{},"runtimeParameterData":{"@type":"mtTaskRuntimeParameterData","isConnectionRuntimeParameter":false,"isObjectRuntimeParameter":false},"overridableProperties":[],"overriddenFields":[]},{"@type":"mtTaskParameter","id":751985581,"name":"$Sc_RUC_Fuentes_x_Cliente$","type":"EXTENDED_SOURCE","label":"Sc_RUC_Fuentes_x_Cliente","uiProperties":{"connectionParameterized":"false","isSelectDistinct":"false","isMsrcFilterParameterized":"false","isMsrcSortParameterized":"false","objectParameterized":"false","visible":"false","originalPath":"Sc_RUC_Fuentes_x_Cliente"},"sourceConnectionId":"@aS8BYj5SQcJgB0YTMlUo8P","newFlatFile":false,"newObject":false,"showBusinessNames":false,"naturalOrder":true,"truncateTarget":false,"bulkApiDBTarget":false,"customFuncCfg":{"@type":"customFuncConfig","id":-1,"connections":[],"inputMap":[],"outputFields":[]},"targetRefsV2":{},"targetUpdateColumns":[],"extendedObject":{"@type":"extendedObject","object":{"@type":"mObject","name":"RUC_FUENTES_X_CLIENTE","label":"RUC_FUENTES_X_CLIENTE","metadataUpdated":false,"relations":[],"children":[]},"singleMode":true,"objects":[{"@type":"mObject","name":"RUC_FUENTES_X_CLIENTE","label":"RUC_FUENTES_X_CLIENTE","metadataUpdated":false,"relations":[],"children":[]}],"filters":[],"sortFields":[]},"runtimeAttrs":{},"isRESTModernSource":true,"isFileList":false,"handleSpecialChars":false,"handleDecimalRoundOff":false,"frsAsset":false,"dynamicFileName":false,"excludeDynamicFileNameField":false,"currentlyProcessedFileName":false,"retainFieldMetadata":false,"useExactSrcNames":false,"tgtObjectAttributes":{},"runtimeParameterData":{"@type":"mtTaskRuntimeParameterData","isConnectionRuntimeParameter":false,"isObjectRuntimeParameter":false},"overridableProperties":[],"overriddenFields":[]},{"@type":"mtTaskParameter","id":751985584,"name":"$Sc_RUC_PRODUCTOS_COMEX_CLIENTE$","type":"EXTENDED_SOURCE","label":"Sc_RUC_PRODUCTOS_COMEX_CLIENTE","uiProperties":{"connectionParameterized":"false","isSelectDistinct":"false","isMsrcFilterParameterized":"false","isMsrcSortParameterized":"false","objectParameterized":"false","visible":"false","originalPath":"Sc_RUC_PRODUCTOS_COMEX_CLIENTE"},"sourceConnectionId":"@aS8BYj5SQcJgB0YTMlUo8P","newFlatFile":false,"newObject":false,"showBusinessNames":false,"naturalOrder":true,"truncateTarget":false,"bulkApiDBTarget":false,"customFuncCfg":{"@type":"customFuncConfig","id":-1,"connections":[],"inputMap":[],"outputFields":[]},"targetRefsV2":{},"targetUpdateColumns":[],"extendedObject":{"@type":"extendedObject","object":{"@type":"mObject","name":"PRODUCTOS_COMEX_CLIENTE","label":"PRODUCTOS_COMEX_CLIENTE","metadataUpdated":false,"relations":[],"children":[]},"advancedFilterExpression":"PRODUCTOS_COMEX_CLIENTE.CODIGO_PRODUCTO IN (2217,17)","singleMode":true,"objects":[{"@type":"mObject","name":"PRODUCTOS_COMEX_CLIENTE","label":"PRODUCTOS_COMEX_CLIENTE","metadataUpdated":false,"relations":[],"children":[]}],"filters":[],"sortFields":[]},"runtimeAttrs":{},"isRESTModernSource":true,"isFileList":false,"handleSpecialChars":false,"handleDecimalRoundOff":false,"frsAsset":false,"dynamicFileName":false,"excludeDynamicFileNameField":false,"currentlyProcessedFileName":false,"retainFieldMetadata":false,"useExactSrcNames":false,"tgtObjectAttributes":{},"runtimeParameterData":{"@type":"mtTaskRuntimeParameterData","isConnectionRuntimeParameter":false,"isObjectRuntimeParameter":false},"overridableProperties":[],"overriddenFields":[]},{"@type":"mtTaskParameter","id":751985587,"name":"$DL_COMEX_DILIGENCIAS_SALIENTES$","type":"TARGET","label":"DL_COMEX_DILIGENCIAS_SALIENTES","uiProperties":{"connectionParameterized":"false","objectParameterized":"false","visible":"false","defaultTargetUpdateColumns":"","supportApplyDDLChanges":"false","originalPath":"DL_COMEX_DILIGENCIAS_SALIENTES"},"targetConnectionId":"@8CfiILKcpADdxjkB2lT1cq","targetObject":"COMEX_DILIGENCIAS_SALIENTES","targetObjectLabel":"COMEX_DILIGENCIAS_SALIENTES","newFlatFile":false,"newObject":false,"showBusinessNames":false,"naturalOrder":true,"truncateTarget":false,"bulkApiDBTarget":false,"operationType":"Insert","customFuncCfg":{"@type":"customFuncConfig","id":-1,"connections":[],"inputMap":[],"outputFields":[]},"targetRefsV2":{},"targetUpdateColumns":[],"extendedObject":{"@type":"extendedObject","singleMode":true,"filters":[],"sortFields":[]},"runtimeAttrs":{},"isRESTModernSource":true,"isFileList":false,"handleSpecialChars":false,"handleDecimalRoundOff":false,"frsAsset":false,"dynamicFileName":false,"excludeDynamicFileNameField":false,"currentlyProcessedFileName":false,"retainFieldMetadata":false,"objectName":"COMEX_DILIGENCIAS_SALIENTES","objectLabel":"COMEX_DILIGENCIAS_SALIENTES","useExactSrcNames":false,"tgtObjectAttributes":{},"runtimeParameterData":{"@type":"mtTaskRuntimeParameterData","isConnectionRuntimeParameter":false,"isObjectRuntimeParameter":false},"overridableProperties":[],"overriddenFields":[]},{"@type":"mtTaskParameter","id":751985590,"name":"$SQL_BANKTRADE$","type":"CONNECTION","label":"SQL_BANKTRADE","uiProperties":{"connectionParameterized":"false","objectParameterized":"false","isSQLConnectionParam":"true","originalPath":"SQL_BANKTRADE"},"transfConnectionId":"@1cOSWMXrNuNddcBgphDGaL","newFlatFile":false,"newObject":false,"showBusinessNames":true,"naturalOrder":true,"truncateTarget":false,"bulkApiDBTarget":false,"customFuncCfg":{"@type":"customFuncConfig","id":-1,"connections":[],"inputMap":[],"outputFields":[]},"targetRefsV2":{},"targetUpdateColumns":[],"runtimeAttrs":{},"isRESTModernSource":true,"customQuery":"SELECT\n  XFTS0_GROUP_PREFIX AS Prefijo,\n  XFTS0_GROUP_NUMBER AS Numero,\n  REPLACE(LTRIM(REPLACE(REPLACE(XFT0_CST_SND_AC_NO, ' ', ''),'0',' ')),' ','0') AS Cedula_Ordenante,\n  REPLACE(LTRIM(REPLACE(REPLACE(XFT1_PY_DBT_ACC_NO, ' ', ''),'0',' ')),' ','0') AS Cuenta_Ordenante,\n  REPLACE(LTRIM(REPLACE(REPLACE(XF0_CS_SN_NM_AD_L1, ' ', ''),'0',' ')),' ','0') AS Cliente_BCR,\n  XFTS1_CURR_CODE AS Moneda,\n  XFTS1_PY_AMT AS Monto,\n  XFT1_PY_AMT_BAS_CR AS Monto_USD,CASE\n    WHEN COM IS NULL THEN XFTS1_COMM_AMT\n    ELSE CAST(SUBSTRING(COM, 1, 21) AS DECIMAL(18, 2))\n  END AS Monto_Comision,CASE\n    WHEN COM IS NULL THEN (\n      CASE\n        When XFTS1_COMM_TAKE = 'W' then 'Omitida'\n        else 'Cobrada'\n      END\n    )\n    ELSE (\n      CASE\n        When SUBSTRING(COM, 27, 1) = 'W' then 'Omitida'\n        else 'Cobrada'\n      END\n    )\n  END Pagada_por,CASE\n    WHEN COM IS NULL THEN XFTS1_CHARGE1_AMT\n    ELSE CAST(SUBSTRING(COM, 28, 21) AS DECIMAL(18, 2))\n  END AS Costo_Swift,CASE\n    WHEN COM IS NULL THEN (\n      CASE\n        When XFTS1_CHARGE1_TAKE = 'W' then 'Omitida'\n        else 'Cobrada'\n      END\n    )\n    ELSE (\n      CASE\n        When SUBSTRING(COM, 54, 1) = 'W' then 'Omitida'\n        else 'Cobrada'\n      END\n    )\n  END AS Pagada_por2,\n  XFTS2_BNC_ORD_NDD1 AS Beneficiario,\n  XFTS0_BENC_ORDR_ID AS Cuenta_Beneficiario,\n  XFT0_BEN_RCV_SW_ID AS BIC_Corresponsal,\n  XF0_BN_RC_NM_AD_L1 As Corresponsal,\n  XFTS2_ACCT_SW_ID AS BIC_Beneficiario,\n  XFTS2_AC_INST_NDD1 AS Banco_Beneficiario,\n  XFTS2_DET_PMN_LIN1 + XFTS2_DET_PMN_LIN2 + XFTS2_DET_PMN_LIN3 + XFTS2_DET_PMN_LIN4 AS Detalle_de_Pago,\n  TBF_DESCRIPTION_2 AS Nombre_de_oficina,\n  AM0_COST_CENTER_CD AS Centro_de_Costo,\n  XFTS1_RELEAS_DATE2 AS FechaBT,(\n    case\n      when LGA_ENTRY_DATE > 0 then (\n       '20' + substring(cast(LGA_ENTRY_DATE as char), 2, 2)  + '-' + substring(cast(LGA_ENTRY_DATE as char), 4, 2) + '-' + substring(cast(LGA_ENTRY_DATE as char), 6, 2)\n      )\n    END\n  ) AS Fecha_Ingreso,(\n    CASE\n      WHEN LEN(LGA_ENTRY_TIME) = 6 THEN (\n        substring(cast(LGA_ENTRY_TIME as char), 1, 2) + ':' + substring(cast(LGA_ENTRY_TIME as char), 3, 2) + ':' + substring(cast(LGA_ENTRY_TIME as char), 5, 2)\n      )\n      ELSE (\n        '0'+substring(cast(LGA_ENTRY_TIME as char), 1, 1) + ':' + substring(cast(LGA_ENTRY_TIME as char), 2, 2) + ':' + substring(cast(LGA_ENTRY_TIME as char), 4, 2)\n      )\n    END\n  ) AS Hora_Ingreso,(\n    case\n      when XFTS1_RELEAS_DATE2 > 0 then (\n        '20' + substring(cast(XFTS1_RELEAS_DATE2 as char), 2, 2) + '-' + substring(cast(XFTS1_RELEAS_DATE2 as char), 4, 2) + '-'+ substring(cast(XFTS1_RELEAS_DATE2 as char), 6, 2)\n      )\n    END\n  ) AS Fecha_Liberacion,(\n    CASE\n      WHEN LEN(LGA_AUTH_REL_TIME2) = 6 THEN (\n        substring(cast(LGA_AUTH_REL_TIME2 as char), 1, 2) + ':' + substring(cast(LGA_AUTH_REL_TIME2 as char), 3, 2) + ':' + substring(cast(LGA_AUTH_REL_TIME2 as char), 5, 2)\n      )\n      ELSE (\n        '0'+substring(cast(LGA_AUTH_REL_TIME2 as char), 1, 1) + ':' + substring(cast(LGA_AUTH_REL_TIME2 as char), 2, 2) + ':' + substring(cast(LGA_AUTH_REL_TIME2 as char), 4, 2)\n      )\n    END\n  ) AS Hora_Liberacion\nFROM\n  LFTRS01 WITH (NOLOCK)\n  LEFT JOIN LFTRS00 LFTRS00 WITH (NOLOCK) ON XLFTRS00_KEY = CAST(\n    XFTS1_LOCATION + XFTS1_GROUP_PREFIX + XFTS1_GROUP_NUMBER + '00000                 ' AS VARBINARY(35)\n  )\n  LEFT JOIN LFTRS02 WITH (NOLOCK) ON XLFTRS02_KEY = CAST(\n    XFTS0_LOCATION + XFTS0_GROUP_PREFIX + XFTS0_GROUP_NUMBER + '02000                 ' AS VARBINARY(35)\n  )\n  LEFT JOIN CCM.DBO.LTABL LTABL_106 WITH (NOLOCK) ON LTABL_106.TBF_KEY = CAST(\n    '      106' + LEFT(XFTS0_WRKR_NO + SPACE(13), 13) AS VARBINARY(22)\n  )\n  LEFT JOIN LACTM00 WITH (NOLOCK) ON XLACTM00_KEY = CAST(XFT0_CST_SND_AC_NO + '00    ' AS VARBINARY(41))\n  LEFT JOIN LLOGA WITH (NOLOCK) ON [LFTRS01].[XFTS1_GROUP_PREFIX] = [LLOGA].[LGA_PREFIX]\n  AND [LFTRS01].[XFTS1_GROUP_NUMBER] = [LLOGA].[LGA_NUMB]\n  CROSS APPLY (\n    SELECT\n      RIGHT(\n        REPLICATE('0', 21) + CAST(AG2_COMMISSION_AMT AS VARCHAR(50)),\n        21\n      ) + AG2_DEBIT_CODE + AG2_CMSN_STATUS_CD\n    FROM\n      LACTG02 WITH (NOLOCK)\n    WHERE\n      AG2_LC_PREFIX = XFTS1_GROUP_PREFIX\n      AND AG2_LC_NUMBER = XFTS1_GROUP_NUMBER\n      AND AG2_REC_TYPE_SEQ IN (1, 2)\n      AND AG2_APPL_TYPE = 'FT'\n      AND AG2_LC_PREFIX = 'T' FOR XML PATH('')\n  ) D (COM)\nWHERE\n  [LFTRS01].[XFTS1_GROUP_PREFIX] = 'T'\n  and XFTS1_RELEAS_DATE2 > 1220101\n  ","isFileList":false,"handleSpecialChars":false,"handleDecimalRoundOff":false,"frsAsset":false,"dynamicFileName":false,"excludeDynamicFileNameField":false,"currentlyProcessedFileName":false,"retainFieldMetadata":false,"useExactSrcNames":false,"tgtObjectAttributes":{},"runtimeParameterData":{"@type":"mtTaskRuntimeParameterData","isConnectionRuntimeParameter":false,"isObjectRuntimeParameter":false},"overridableProperties":[],"nmoSubType":"ENTERED_QUERY","overriddenFields":[]}],"sequences":[],"inOutParameters":[{"@type":"mtTaskInOutParameter","id":"-1","name":"in_ID_Proceso_Carga","description":"","initialValue":"","datatype":"INTEGER","precision":"10","scale":"0","retentionPolicy":"ON_SUCCESS_OR_WARNING","aggregationType":"MAX","currentValue":"5524221"},{"@type":"mtTaskInOutParameter","id":"-1","name":"mp_Fecha_Ult_Carga","description":"","initialValue":"","datatype":"STRING","precision":"29","scale":"0","retentionPolicy":"ON_SUCCESS_OR_WARNING","aggregationType":"MAX","currentValue":"20230428 11:59:00"},{"@type":"mtTaskInOutParameter","id":"-1","name":"mp_Fecha_Ini_Carga","description":"","initialValue":"","datatype":"STRING","precision":"29","scale":"0","retentionPolicy":"ON_SUCCESS_OR_WARNING","aggregationType":"MAX","currentValue":""}],"connRuntimeAttrs":[]}]