[{"@type":"mappingTemplate","id":"@1","name":"Mp_Lineas_Credito_BCR","description":"WF de Lineas de Credito , para el procesamiento de Mocci y Prtofundiadd de Linea","bundleVersion":"0","templateId":"@3","deployTime":1685214434000,"hasParameters":false,"valid":true,"fixedConnection":true,"hasParametersDeployed":false,"fixedConnectionDeployed":true,"isSchemaValidationEnabled":false,"tasks":1,"mappingPreviewFileRecordId":"@2","documentType":"MAPPING","references":[{"@type":"reference","refObjectId":"@6HwWUo7tBKRgPOQFxJxKKt","refType":"connection"},{"@type":"reference","refObjectId":"@8CfiILKcpADdxjkB2lT1cq","refType":"connection"}]}]