[{"@type":"mappingTemplate","id":"@1","name":"Mp_OPC_Clientes_BCR","description":"","bundleVersion":"0","templateId":"@3","deployTime":1681448339000,"hasParameters":false,"valid":true,"fixedConnection":true,"hasParametersDeployed":false,"fixedConnectionDeployed":true,"isSchemaValidationEnabled":false,"tasks":1,"mappingPreviewFileRecordId":"@2","documentType":"MAPPING","references":[{"@type":"reference","refObjectId":"@39oPXTr3NGuggrNieuIGg3","refType":"connection"},{"@type":"reference","refObjectId":"@jHUb8gHMTyYjBw9P0wq585","refType":"connection"}]}]