[{"@type":"mtTask","id":"@1","name":"wf_Carga_Clientes_Fisicos_SF","description":"","errorTaskEmail":{"@type":"taskEmail","id":487054,"emails":"jpaniagua@bancobcr.com","emailType":"ERROR"},"successTaskEmail":{"@type":"taskEmail","id":487057,"emails":"jpaniagua@bancobcr.com","emailType":"SUCCESS"},"warningTaskEmail":{"@type":"taskEmail","id":487060,"emails":"jpaniagua@bancobcr.com","emailType":"WARNING"},"runtimeEnvironmentId":"@2KlpZ4hk80PgrgH0CxoRcH","maxLogs":10,"verbose":false,"lastRunTime":1588109926000,"mappingId":"@0fmxCxKfazIjYiQ1v7768X","frsGuid":"8RQp7FaPm4Xch4FYM35DIH","shortDescription":"","sessionPropertiesList":[],"enableCrossSchemaPushdown":true,"enableParallelRun":false,"autoTunedApplied":false,"autoTunedAppliedType":"NONE","schemaMode":"async","valid":true,"schemaValidationErrorCount":-1,"parameterFileEncoding":"UTF-8","serverlessProperties":{},"taskProperties":[{"@type":"taskProperty","name":"parameterFileDir","currentValue":"","type":"STRING","label":"label.parameterFileDir","required":false},{"@type":"taskProperty","name":"parameterFileName","currentValue":"","type":"STRING","label":"label.parameterFileName","required":false}],"parameters":[{"@type":"mtTaskParameter","id":744706720,"name":"$sc_DWH_REP_SF_CLIENTES_FISICOS$","type":"EXTENDED_SOURCE","label":"sc_DWH_REP_SF_CLIENTES_FISICOS","uiProperties":{"connectionParameterized":"false","isSelectDistinct":"false","isMsrcFilterParameterized":"false","isMsrcSortParameterized":"false","objectParameterized":"false","visible":"false","originalPath":"sc_DWH_REP_SF_CLIENTES_FISICOS"},"sourceConnectionId":"@8CfiILKcpADdxjkB2lT1cq","newFlatFile":false,"newObject":false,"showBusinessNames":false,"naturalOrder":true,"truncateTarget":false,"bulkApiDBTarget":false,"customFuncCfg":{"@type":"customFuncConfig","id":-1,"connections":[],"inputMap":[],"outputFields":[]},"targetRefsV2":{},"targetUpdateColumns":[],"extendedObject":{"@type":"extendedObject","object":{"@type":"mObject","name":"REP_SF_CLI_FISICOS_VM","label":"REP_SF_CLI_FISICOS_VM","metadataUpdated":false,"relations":[],"children":[]},"advancedFilterExpression":"REP_SF_CLI_FISICOS_VM.IDENTIFICACION IN ('401690663',\n'109390265',\n'155810586217',\n'204600045')","singleMode":true,"objects":[{"@type":"mObject","name":"REP_SF_CLI_FISICOS_VM","label":"REP_SF_CLI_FISICOS_VM","metadataUpdated":false,"relations":[],"children":[]}],"filters":[],"sortFields":[]},"runtimeAttrs":{},"isRESTModernSource":true,"isFileList":false,"handleSpecialChars":false,"handleDecimalRoundOff":false,"frsAsset":false,"dynamicFileName":false,"excludeDynamicFileNameField":false,"currentlyProcessedFileName":false,"retainFieldMetadata":false,"useExactSrcNames":false,"tgtObjectAttributes":{},"runtimeParameterData":{"@type":"mtTaskRuntimeParameterData","isConnectionRuntimeParameter":false,"isObjectRuntimeParameter":false},"overridableProperties":[],"overriddenFields":[]},{"@type":"mtTaskParameter","id":744706723,"name":"$sc_SalesForce$","type":"EXTENDED_SOURCE","label":"sc_SalesForce","uiProperties":{"connectionParameterized":"false","isSelectDistinct":"false","isMsrcFilterParameterized":"false","isMsrcSortParameterized":"false","objectParameterized":"false","visible":"false","originalPath":"sc_SalesForce"},"sourceConnectionId":"@hpB8VUauhefjcJs25ZGnMr","newFlatFile":false,"newObject":false,"showBusinessNames":false,"naturalOrder":true,"truncateTarget":false,"bulkApiDBTarget":false,"customFuncCfg":{"@type":"customFuncConfig","id":-1,"connections":[],"inputMap":[],"outputFields":[]},"targetRefsV2":{},"targetUpdateColumns":[],"extendedObject":{"@type":"extendedObject","object":{"@type":"mObject","name":"Account","label":"Cliente","metadataUpdated":false,"relations":[],"children":[{"@type":"mObject","name":"Oficina__c","label":"Oficina__c","metadataUpdated":false,"relations":[{"@type":"objectRelation","object1":"Oficina__c","object2":"Account","field1":"Id","field2":"UE__c","relationshipName":"UE__r","relationshipType":"Child","joinType":"INNER","joinOperator":"EQUALS"}],"children":[]}]},"advancedFilterExpression":"Account.Identificacion__c in ('401690663',\n'109390265',\n'155810586217',\n'204600045')","singleMode":false,"objects":[{"@type":"mObject","name":"Account","label":"Cliente","metadataUpdated":false,"relations":[],"children":[{"@type":"mObject","name":"Oficina__c","label":"Oficina__c","metadataUpdated":false,"relations":[{"@type":"objectRelation","object1":"Oficina__c","object2":"Account","field1":"Id","field2":"UE__c","relationshipName":"UE__r","relationshipType":"Child","joinType":"INNER","joinOperator":"EQUALS"}],"children":[]}]}],"filters":[],"sortFields":[]},"runtimeAttrs":{},"isRESTModernSource":true,"isFileList":false,"handleSpecialChars":false,"handleDecimalRoundOff":false,"frsAsset":false,"dynamicFileName":false,"excludeDynamicFileNameField":false,"currentlyProcessedFileName":false,"retainFieldMetadata":false,"useExactSrcNames":false,"tgtObjectAttributes":{},"runtimeParameterData":{"@type":"mtTaskRuntimeParameterData","isConnectionRuntimeParameter":false,"isObjectRuntimeParameter":false},"overridableProperties":[],"overriddenFields":[]},{"@type":"mtTaskParameter","id":744706726,"name":"$Insert_Cli_Fis_SalesForce$","type":"TARGET","label":"Insert_Cli_Fis_SalesForce","uiProperties":{"connectionParameterized":"false","objectParameterized":"false","visible":"false","defaultTargetUpdateColumns":"","supportApplyDDLChanges":"false","originalPath":"Insert_Cli_Fis_SalesForce"},"targetConnectionId":"@hpB8VUauhefjcJs25ZGnMr","targetObject":"Account","targetObjectLabel":"Cliente","newFlatFile":false,"newObject":false,"showBusinessNames":false,"naturalOrder":true,"truncateTarget":false,"bulkApiDBTarget":false,"operationType":"Insert","customFuncCfg":{"@type":"customFuncConfig","id":-1,"connections":[],"inputMap":[],"outputFields":[]},"targetRefsV2":{},"targetUpdateColumns":[],"extendedObject":{"@type":"extendedObject","singleMode":true,"filters":[],"sortFields":[]},"runtimeAttrs":{},"isRESTModernSource":true,"isFileList":false,"handleSpecialChars":false,"handleDecimalRoundOff":false,"frsAsset":false,"dynamicFileName":false,"excludeDynamicFileNameField":false,"currentlyProcessedFileName":false,"retainFieldMetadata":false,"objectName":"Account","objectLabel":"Cliente","useExactSrcNames":false,"tgtObjectAttributes":{},"runtimeParameterData":{"@type":"mtTaskRuntimeParameterData","isConnectionRuntimeParameter":false,"isObjectRuntimeParameter":false},"overridableProperties":[],"overriddenFields":[]},{"@type":"mtTaskParameter","id":744706729,"name":"$Update_Cli_Fis_SalesForce$","type":"TARGET","label":"Update_Cli_Fis_SalesForce","uiProperties":{"connectionParameterized":"false","objectParameterized":"false","visible":"false","defaultTargetUpdateColumns":"","supportApplyDDLChanges":"false","originalPath":"Update_Cli_Fis_SalesForce"},"targetConnectionId":"@hpB8VUauhefjcJs25ZGnMr","targetObject":"Account","targetObjectLabel":"Cliente","newFlatFile":false,"newObject":false,"showBusinessNames":false,"naturalOrder":true,"truncateTarget":false,"bulkApiDBTarget":false,"operationType":"Update","customFuncCfg":{"@type":"customFuncConfig","id":-1,"connections":[],"inputMap":[],"outputFields":[]},"targetRefsV2":{},"targetUpdateColumns":[],"extendedObject":{"@type":"extendedObject","singleMode":true,"filters":[],"sortFields":[]},"runtimeAttrs":{},"isRESTModernSource":true,"isFileList":false,"handleSpecialChars":false,"handleDecimalRoundOff":false,"frsAsset":false,"dynamicFileName":false,"excludeDynamicFileNameField":false,"currentlyProcessedFileName":false,"retainFieldMetadata":false,"objectName":"Account","objectLabel":"Cliente","useExactSrcNames":false,"tgtObjectAttributes":{},"runtimeParameterData":{"@type":"mtTaskRuntimeParameterData","isConnectionRuntimeParameter":false,"isObjectRuntimeParameter":false},"overridableProperties":[],"overriddenFields":[]},{"@type":"mtTaskParameter","id":744706732,"name":"$Lookup$","type":"LOOKUP","label":"Lookup","uiProperties":{"connectionParameterized":"false","isCachedLookup":"true","multipleMatchPolicy":"Use Any Value","objectParameterized":"false","visible":"false","originalPath":"Lookup"},"lookupConnectionId":"@6ZiA1fSLFv1hSF3KZ91Six","lookupObject":"RUC_CLIENTE_FISICO","lookupObjectLabel":"RUC_CLIENTE_FISICO","newFlatFile":false,"newObject":false,"showBusinessNames":false,"naturalOrder":true,"truncateTarget":false,"bulkApiDBTarget":false,"customFuncCfg":{"@type":"customFuncConfig","id":-1,"connections":[],"inputMap":[],"outputFields":[]},"targetRefsV2":{},"targetUpdateColumns":[],"runtimeAttrs":{"Lookup Index Cache Size":"AUTO","Optional":"true","Lookup cache persistent":"true","Lookup source is static":"false","Lookup Sql Override":"","Insert Else Update":"false","Lookup caching enabled":"true","Lookup Data Cache Size":"AUTO","Tracing Level":"Normal","Subsecond Precision":"6","Lookup cache directory name":"$PMCacheDir","Output Old Value On Update":"false","Lookup Source Filter":"","Dynamic Lookup Cache":"false","Pre-build lookup cache":"AUTO","Synchronize dynamic cache":"false"},"isRESTModernSource":true,"isFileList":false,"handleSpecialChars":false,"handleDecimalRoundOff":false,"frsAsset":false,"dynamicFileName":false,"excludeDynamicFileNameField":false,"currentlyProcessedFileName":false,"retainFieldMetadata":false,"objectName":"RUC_CLIENTE_FISICO","objectLabel":"RUC_CLIENTE_FISICO","useExactSrcNames":false,"tgtObjectAttributes":{},"runtimeParameterData":{"@type":"mtTaskRuntimeParameterData","isConnectionRuntimeParameter":false,"isObjectRuntimeParameter":false},"overridableProperties":[],"overriddenFields":[]}],"sequences":[],"inOutParameters":[],"connRuntimeAttrs":[]}]