[{"@type":"mappingTemplate","id":"@1","name":"Mp_Seguros_BCR","description":"WF de clientes Seguros_BCR","bundleVersion":"0","templateId":"@3","deployTime":1687318893000,"hasParameters":true,"valid":true,"fixedConnection":true,"hasParametersDeployed":true,"fixedConnectionDeployed":true,"isSchemaValidationEnabled":false,"tasks":1,"mappingPreviewFileRecordId":"@2","documentType":"MAPPING","references":[{"@type":"reference","refObjectId":"@15lIHwszj0PhHXz6nPVayq","refType":"connection"},{"@type":"reference","refObjectId":"@4u8ZFAkJ52ql7a7mh1CcCv","refType":"connection"}]}]