[{"@type":"mappingTemplate","id":"@1","name":"Mp_Seguros_BCR","description":"WF de clientes Seguros_BCR","bundleVersion":"0","templateId":"@3","deployTime":1687550229000,"hasParameters":false,"valid":true,"fixedConnection":true,"hasParametersDeployed":false,"fixedConnectionDeployed":true,"isSchemaValidationEnabled":false,"tasks":1,"mappingPreviewFileRecordId":"@2","documentType":"MAPPING","references":[{"@type":"reference","refObjectId":"@15lIHwszj0PhHXz6nPVayq","refType":"connection"},{"@type":"reference","refObjectId":"@46cML5agGe5b97jqRYHfyo","refType":"connection"}]}]