[{"@type":"mtTask","id":"@1","name":"Mt_MOCCI_SEGUROS_BCR","description":"MAPA DE CARGA DE SEGUROS","runtimeEnvironmentId":"@2KlpZ4hk80PgrgH0CxoRcH","maxLogs":10,"verbose":false,"lastRunTime":1687319370000,"mappingId":"@k28qBEv1Oyze5E6ydOEW4L","frsGuid":"44xwAnjL4KEbhvPPM27PwS","shortDescription":"MAPA DE CARGA DE SEGUROS","sessionPropertiesList":[{"name":"Allow Pushdown across Databases","value":"NO","recommended":false},{"name":"Allow Temporary Sequence for Pushdown","value":"YES","recommended":false},{"name":"Allow Temporary View for Pushdown","value":"YES","recommended":false},{"name":"Pushdown Optimization","value":"Full","recommended":false},{"name":"Pushdown Optimization Context","value":"None","recommended":false},{"name":"Run Only In Pushdown Mode","value":"NO","recommended":false}],"enableCrossSchemaPushdown":true,"enableParallelRun":true,"autoTunedApplied":false,"autoTunedAppliedType":"NONE","parameterFileName":"Param_Seg.param","parameterFileDir":"/mnt/busdatos/Entrada/Param/","paramFileType":"PARAM_FILE_LOCAL","schemaMode":"async","valid":true,"schemaValidationErrorCount":-1,"parameterFileEncoding":"UTF-8","serverlessProperties":{},"taskProperties":[{"@type":"taskProperty","name":"parameterFileDir","currentValue":"/mnt/busdatos/Entrada/Param/","type":"STRING","label":"label.parameterFileDir","required":false},{"@type":"taskProperty","name":"parameterFileName","currentValue":"Param_Seg.param","type":"STRING","label":"label.parameterFileName","required":false}],"parameters":[{"@type":"mtTaskParameter","id":769900813,"name":"$Sc_Seguros_Clientes_bcr_FLATFILE$","type":"EXTENDED_SOURCE","label":"Sc_Seguros_Clientes_bcr_FLATFILE","uiProperties":{"connectionParameterized":"false","isSelectDistinct":"false","isMsrcFilterParameterized":"false","isMsrcSortParameterized":"false","objlabel":"SCR_object_flatfile","origobjlabel":"","objectParameterized":"true","objDesc":"","objectParamName":"SCR_object_flatfile","objectParamType-mapping":"DataObject","originalPath":"Sc_Seguros_Clientes_bcr_FLATFILE"},"sourceConnectionId":"@15lIHwszj0PhHXz6nPVayq","newFlatFile":false,"newObject":false,"showBusinessNames":true,"naturalOrder":true,"truncateTarget":false,"bulkApiDBTarget":false,"customFuncCfg":{"@type":"customFuncConfig","id":-1,"connections":[],"inputMap":[],"outputFields":[]},"targetRefsV2":{},"targetUpdateColumns":[],"extendedObject":{"@type":"extendedObject","object":{"@type":"mObject","name":"SourceFile.txt","label":"SourceFile.txt","metadataUpdated":false,"relations":[],"children":[]},"singleMode":true,"objects":[{"@type":"mObject","name":"SourceFile.txt","label":"SourceFile.txt","metadataUpdated":false,"relations":[],"children":[]}],"filters":[],"sortFields":[]},"runtimeAttrs":{},"isRESTModernSource":true,"isFileList":false,"handleSpecialChars":false,"handleDecimalRoundOff":false,"frsAsset":false,"dynamicFileName":false,"excludeDynamicFileNameField":false,"currentlyProcessedFileName":true,"retainFieldMetadata":false,"useExactSrcNames":false,"tgtObjectAttributes":{},"runtimeParameterData":{"@type":"mtTaskRuntimeParameterData","isConnectionRuntimeParameter":false,"isObjectRuntimeParameter":true,"objectParameterName":"SCR_object_flatfile","objectDefaultValue":"SourceFile.txt"},"overridableProperties":[{"@type":"overridableProperty","id":"defaultPrecision","labelKey":"Sc_Seguros_Clientes_bcr_FLATFILE_defaultPrecision","type":"integer","hidden":false,"required":false,"defaultValue":"","renderingHints":{}},{"@type":"overridableProperty","id":"defaultScale","labelKey":"Sc_Seguros_Clientes_bcr_FLATFILE_defaultScale","type":"integer","hidden":false,"required":false,"defaultValue":"","renderingHints":{}},{"@type":"overridableProperty","id":"defaultNativeDataType","labelKey":"Sc_Seguros_Clientes_bcr_FLATFILE_defaultNativeDataType","type":"string","hidden":false,"required":false,"defaultValue":"","renderingHints":{}}],"overriddenFields":[]},{"@type":"mtTaskParameter","id":769900816,"name":"$tg_Seguros_Clientes_BCR$","type":"TARGET","label":"tg_Seguros_Clientes_BCR","uiProperties":{"connectionParameterized":"false","objectParameterized":"false","visible":"false","defaultTargetUpdateColumns":"","supportApplyDDLChanges":"true","originalPath":"tg_Seguros_Clientes_BCR"},"targetConnectionId":"@4u8ZFAkJ52ql7a7mh1CcCv","targetObject":"PRUEBA_ARCHIVO_SEGUIRO.TXT","targetObjectLabel":"PRUEBA_ARCHIVO_SEGUIRO.TXT","newFlatFile":false,"newObject":true,"showBusinessNames":false,"naturalOrder":true,"newObjectName":"PRUEBA_ARCHIVO_SEGUIRO.TXT","truncateTarget":true,"bulkApiDBTarget":true,"operationType":"Insert","tgtFFAttrs":{"@type":"flatFileAttrs","id":84001087,"delimiter":",","textQualifier":"\"","escapeChar":"","headerLineNo":1},"customFuncCfg":{"@type":"customFuncConfig","id":-1,"connections":[],"inputMap":[],"outputFields":[]},"targetRefsV2":{},"targetUpdateColumns":[],"extendedObject":{"@type":"extendedObject","singleMode":true,"filters":[],"sortFields":[]},"runtimeAttrs":{},"isRESTModernSource":true,"isFileList":false,"handleSpecialChars":false,"handleDecimalRoundOff":false,"frsAsset":false,"dynamicFileName":false,"excludeDynamicFileNameField":false,"currentlyProcessedFileName":false,"retainFieldMetadata":false,"objectName":"PRUEBA_ARCHIVO_SEGUIRO.TXT","objectLabel":"PRUEBA_ARCHIVO_SEGUIRO.TXT","useExactSrcNames":false,"tgtObjectAttributes":{},"runtimeParameterData":{"@type":"mtTaskRuntimeParameterData","isConnectionRuntimeParameter":false,"isObjectRuntimeParameter":false},"overridableProperties":[],"overriddenFields":[]}],"sequences":[],"inOutParameters":[{"@type":"mtTaskInOutParameter","id":"-1","name":"in_ID_Proceso_Carga","description":"","initialValue":"","datatype":"INTEGER","precision":"10","scale":"0","retentionPolicy":"ON_SUCCESS_OR_WARNING","aggregationType":"MAX","currentValue":"0"},{"@type":"mtTaskInOutParameter","id":"-1","name":"mp_Fecha_Ult_Carga","description":"","initialValue":"","datatype":"STRING","precision":"29","scale":"0","retentionPolicy":"ON_SUCCESS_OR_WARNING","aggregationType":"MAX","currentValue":""},{"@type":"mtTaskInOutParameter","id":"-1","name":"mp_Fecha_Ini_Carga","description":"","initialValue":"","datatype":"STRING","precision":"29","scale":"0","retentionPolicy":"ON_SUCCESS_OR_WARNING","aggregationType":"MAX","currentValue":""}],"connRuntimeAttrs":[]}]