[{"@type":"mappingTemplate","id":"@1","name":"Mp_Reporte_Banktrade_Salientes_BCR","description":"   ","bundleVersion":"0","templateId":"@3","deployTime":1686868467000,"hasParameters":false,"valid":true,"fixedConnection":true,"hasParametersDeployed":false,"fixedConnectionDeployed":true,"isSchemaValidationEnabled":false,"tasks":1,"mappingPreviewFileRecordId":"@2","documentType":"MAPPING","references":[{"@type":"reference","refObjectId":"@1cOSWMXrNuNddcBgphDGaL","refType":"connection"},{"@type":"reference","refObjectId":"@4u8ZFAkJ52ql7a7mh1CcCv","refType":"connection"},{"@type":"reference","refObjectId":"@46cML5agGe5b97jqRYHfyo","refType":"connection"}]}]