[{"@type":"mappingTemplate","id":"@1","name":"Mp_Reporte_Banktrade_Salientes_BCR","description":"   ","bundleVersion":"0","templateId":"@3","deployTime":1682574275000,"hasParameters":false,"valid":true,"fixedConnection":true,"hasParametersDeployed":false,"fixedConnectionDeployed":true,"isSchemaValidationEnabled":false,"tasks":0,"mappingPreviewFileRecordId":"@2","documentType":"MAPPING","references":[{"@type":"reference","refObjectId":"@1cOSWMXrNuNddcBgphDGaL","refType":"connection"},{"@type":"reference","refObjectId":"@aS8BYj5SQcJgB0YTMlUo8P","refType":"connection"},{"@type":"reference","refObjectId":"@4u8ZFAkJ52ql7a7mh1CcCv","refType":"connection"},{"@type":"reference","refObjectId":"@39oPXTr3NGuggrNieuIGg3","refType":"connection"},{"@type":"reference","refObjectId":"@8CfiILKcpADdxjkB2lT1cq","refType":"connection"}]}]