[{"@type":"mappingTemplate","id":"@1","name":"Mp_MOCCI_Morocidad_BCR","description":"","bundleVersion":"0","templateId":"@3","deployTime":1657741724000,"hasParameters":false,"valid":true,"fixedConnection":true,"hasParametersDeployed":false,"fixedConnectionDeployed":true,"isSchemaValidationEnabled":false,"tasks":1,"mappingPreviewFileRecordId":"@2","documentType":"MAPPING","references":[{"@type":"reference","refObjectId":"@4zSVRbwy4gwboR0kInfzWl","refType":"connection"},{"@type":"reference","refObjectId":"@a2bB3Dl9odLfJ36BliQUce","refType":"connection"}]}]