[{"@type":"mappingTemplate","id":"@1","name":"Mp_BCRCOMERCIAL_Comisiones_Especiales","description":"Mapa que carga la informacion de comisiones especiales de clientes en  BCRCOMERCIAL","bundleVersion":"0","templateId":"@3","deployTime":1686874333000,"hasParameters":false,"valid":true,"fixedConnection":true,"hasParametersDeployed":false,"fixedConnectionDeployed":true,"isSchemaValidationEnabled":false,"tasks":1,"mappingPreviewFileRecordId":"@2","documentType":"MAPPING","references":[{"@type":"reference","refObjectId":"@46cML5agGe5b97jqRYHfyo","refType":"connection"},{"@type":"reference","refObjectId":"@3llxFGYWBcFgJ3yMN7vvKS","refType":"connection"}]}]