[{"@type":"mappingTemplate","id":"@1","name":"mp_DEPOSITOS_JUDICIALES_BCR","description":"","bundleVersion":"0","templateId":"@3","deployTime":1657729451000,"hasParameters":false,"valid":true,"fixedConnection":true,"hasParametersDeployed":false,"fixedConnectionDeployed":true,"isSchemaValidationEnabled":false,"tasks":1,"mappingPreviewFileRecordId":"@2","documentType":"MAPPING","references":[{"@type":"reference","refObjectId":"@j6CRdzAXsE0eYCvGswWK4D","refType":"connection"},{"@type":"reference","refObjectId":"@39oPXTr3NGuggrNieuIGg3","refType":"connection"}]}]