[{"@type":"mappingTemplate","id":"@1","name":"mp_Ecommerce_BCR","description":"","bundleVersion":"0","templateId":"@3","deployTime":1656478429000,"hasParameters":false,"valid":true,"fixedConnection":true,"hasParametersDeployed":false,"fixedConnectionDeployed":true,"isSchemaValidationEnabled":false,"tasks":1,"mappingPreviewFileRecordId":"@2","documentType":"MAPPING","references":[{"@type":"reference","refObjectId":"@8CfiILKcpADdxjkB2lT1cq","refType":"connection"},{"@type":"reference","refObjectId":"@0uEn5pLf40jejHxvmrGfc7","refType":"connection"}]}]