[{"@type":"mtTask","id":"@1","name":"Mp_GARANTIAS_SF_DWH","description":"","runtimeEnvironmentId":"@2KlpZ4hk80PgrgH0CxoRcH","maxLogs":10,"verbose":false,"lastRunTime":1687555751000,"mappingId":"@35Yftl6VxglcjAKJ6WQmye","frsGuid":"3jdFqHKEkD8fVP6ltOlmQt","shortDescription":"","sessionPropertiesList":[{"name":"Allow Temporary Sequence for Pushdown","value":"NO","recommended":false},{"name":"Allow Temporary View for Pushdown","value":"NO","recommended":false},{"name":"Pushdown Optimization","value":"Full","recommended":false},{"name":"Pushdown Optimization Context","value":"None","recommended":false},{"name":"Run Only In Pushdown Mode","value":"NO","recommended":false}],"enableCrossSchemaPushdown":true,"enableParallelRun":true,"autoTunedApplied":false,"autoTunedAppliedType":"NONE","paramFileType":"PARAM_FILE_LOCAL","schemaMode":"async","valid":true,"schemaValidationErrorCount":-1,"parameterFileEncoding":"UTF-8","serverlessProperties":{},"taskProperties":[{"@type":"taskProperty","name":"parameterFileDir","currentValue":"","type":"STRING","label":"label.parameterFileDir","required":false},{"@type":"taskProperty","name":"parameterFileName","currentValue":"","type":"STRING","label":"label.parameterFileName","required":false}],"parameters":[{"@type":"mtTaskParameter","id":773127703,"name":"$src$","type":"EXTENDED_SOURCE","label":"Source (p_src_conn)","description":"Select the Salesforce connection or create a new Salesforce connection.","uiProperties":{"cnxtype":"Salesforce","connectionParameterized":"true","paramName":"p_src_conn","paramLabel":"Source","paramType-mapping":"Connection","logcnx":"p_src_conn","isSelectDistinct":"false","isMsrcFilterParameterized":"true","isMsrcSortParameterized":"false","msrcFilterDefault":"LastModifiedDate > $$v_max_value","msrcFilterParamDesc":"Stores the source filter condition. Default value is LastModifiedDate > $$v_max_value.\\n\\nIf your Salesforce object timestamp field is different from LastModifiedDate, edit the timestamp field name. Optionally, you can enter other filter conditions.","objlabel":"Source","origobjlabel":"Source","objectParameterized":"true","objDesc":"Select the Salesforce object that you want to read data from.","objectParamName":"p_src_object","objectParamType-mapping":"DataObject","originalPath":"src"},"sourceConnectionId":"@4zSVRbwy4gwboR0kInfzWl","newFlatFile":false,"newObject":false,"showBusinessNames":true,"naturalOrder":true,"truncateTarget":false,"bulkApiDBTarget":false,"customFuncCfg":{"@type":"customFuncConfig","id":-1,"connections":[],"inputMap":[],"outputFields":[]},"targetRefsV2":{},"targetUpdateColumns":[],"extendedObject":{"@type":"extendedObject","object":{"@type":"mObject","name":"Garantias__c","label":"Garantias","metadataUpdated":false,"relations":[],"children":[]},"advancedFilterExpression":"LastModifiedDate > $$v_max_value","singleMode":true,"objects":[{"@type":"mObject","name":"Garantias__c","label":"Garantias","metadataUpdated":false,"relations":[],"children":[]}],"filters":[],"sortFields":[]},"runtimeAttrs":{},"isRESTModernSource":true,"isFileList":false,"handleSpecialChars":false,"handleDecimalRoundOff":false,"frsAsset":false,"dynamicFileName":false,"excludeDynamicFileNameField":false,"currentlyProcessedFileName":false,"retainFieldMetadata":false,"useExactSrcNames":false,"tgtObjectAttributes":{},"runtimeParameterData":{"@type":"mtTaskRuntimeParameterData","isConnectionRuntimeParameter":false,"isObjectRuntimeParameter":false,"connectionParameterName":"p_src_conn","objectParameterName":"p_src_object"},"overridableProperties":[],"overriddenFields":[]},{"@type":"mtTaskParameter","id":773127706,"name":"$tgt$","type":"TARGET","label":"Target (p_tgt_conn)","description":"Select the target connection or create a new connection.\\n\\nThe target connection must be different than the source connection.","uiProperties":{"connectionParameterized":"true","paramName":"p_tgt_conn","paramLabel":"Target","paramType-mapping":"Connection","logcnx":"p_tgt_conn","objlabel":"Target","origobjlabel":"Target","objectParameterized":"true","objDesc":"Select the object that you want to load data to.\\n\\nSelect the target operation. You have the following options:\\n\\n1. Keep previously loaded data in the target (default).  Disable the Truncate Table option, and select one of the following operations:\\na. If the timestamp field represents the created date for the record, select Insert.  \\nb. If the timestamp field represents the last modified date for the record, select Upsert and configure the update columns.\\n\\n2. Keep only the current data. Select the Insert operation and enable the Truncate Table option.\\n\\n3. Fully reload the target. Select the Insert operation, enable the Truncate Table option, and reset or edit the value of in-out parameter, v_max_value.\\n\\nIf the target is a file target, the Mapping task re-loads the file each time it runs.","objectParamName":"p_tgt_object","objectParamType-mapping":"DataObject","defaultTargetUpdateColumns":"","fieldMappingParameterized":"true","supportApplyDDLChanges":"false","originalPath":"tgt"},"targetConnectionId":"@46cML5agGe5b97jqRYHfyo","targetObject":"DL_GARANTIAS_SALESFORCE_RAW","targetObjectLabel":"DL_GARANTIAS_SALESFORCE_RAW","newFlatFile":false,"newObject":false,"showBusinessNames":true,"naturalOrder":true,"truncateTarget":false,"bulkApiDBTarget":false,"operationType":"Insert","customFuncCfg":{"@type":"customFuncConfig","id":-1,"connections":[],"inputMap":[],"outputFields":[]},"targetRefsV2":{},"targetUpdateColumns":[],"extendedObject":{"@type":"extendedObject","singleMode":true,"filters":[],"sortFields":[]},"runtimeAttrs":{},"isRESTModernSource":true,"isFileList":false,"handleSpecialChars":false,"handleDecimalRoundOff":false,"frsAsset":false,"dynamicFileName":false,"excludeDynamicFileNameField":false,"currentlyProcessedFileName":false,"retainFieldMetadata":false,"objectName":"DL_GARANTIAS_SALESFORCE_RAW","objectLabel":"DL_GARANTIAS_SALESFORCE_RAW","useExactSrcNames":false,"tgtObjectAttributes":{},"runtimeParameterData":{"@type":"mtTaskRuntimeParameterData","isConnectionRuntimeParameter":false,"isObjectRuntimeParameter":false,"connectionParameterName":"p_tgt_conn","objectParameterName":"p_tgt_object"},"overridableProperties":[],"overriddenFields":[]},{"@type":"mtTaskParameter","id":773127709,"name":"$tgt_dummy$","type":"TARGET","label":"Dummy Target (p_tgt_conn_dummy)","description":"Select the connection for the dummy target or create a new connection.\\n\\nThe connection for the dummy target can be the same as the source or target connection.\\n\\nNote: Both dummy target connection and dummy object are required for mapping design only. No data is written to the dummy target.","uiProperties":{"connectionParameterized":"true","paramName":"p_tgt_conn_dummy","paramLabel":"Dummy Target","paramType-mapping":"Connection","logcnx":"p_tgt_conn_dummy","objlabel":"Dummy Target","origobjlabel":"Dummy Target","objectParameterized":"true","objDesc":"Select the dummy target object. It can be the same as the target object.  Do not select \\'Truncate Target\\'.\\n\\nNote: No data is written to the dummy target.","objectParamName":"p_tgt_object_dummy","objectParamType-mapping":"DataObject","defaultTargetUpdateColumns":"","fieldMappingParameterized":"true","supportApplyDDLChanges":"false","originalPath":"tgt_dummy"},"targetConnectionId":"@4u8ZFAkJ52ql7a7mh1CcCv","targetObject":"dummy_file.txt","targetObjectLabel":"dummy_file.txt","newFlatFile":false,"newObject":false,"showBusinessNames":true,"naturalOrder":true,"truncateTarget":false,"bulkApiDBTarget":false,"operationType":"Insert","customFuncCfg":{"@type":"customFuncConfig","id":-1,"connections":[],"inputMap":[],"outputFields":[]},"targetRefsV2":{},"targetUpdateColumns":[],"extendedObject":{"@type":"extendedObject","singleMode":true,"filters":[],"sortFields":[]},"runtimeAttrs":{},"isRESTModernSource":true,"isFileList":false,"handleSpecialChars":false,"handleDecimalRoundOff":false,"frsAsset":false,"dynamicFileName":false,"excludeDynamicFileNameField":false,"currentlyProcessedFileName":false,"retainFieldMetadata":false,"objectName":"dummy_file.txt","objectLabel":"dummy_file.txt","useExactSrcNames":false,"tgtObjectAttributes":{},"runtimeParameterData":{"@type":"mtTaskRuntimeParameterData","isConnectionRuntimeParameter":false,"isObjectRuntimeParameter":false,"connectionParameterName":"p_tgt_conn_dummy","objectParameterName":"p_tgt_object_dummy"},"overridableProperties":[],"overriddenFields":[]},{"@type":"mtTaskParameter","id":773127712,"name":"$p_cdc_field$","type":"STRING","text":"LastModifiedDate","label":"Source Timestamp Field (p_cdc_field)","description":"Select the Salesforce object timestamp field. Default is LastModifiedDate.","uiProperties":{"paramName":"p_cdc_field","paramLabel":"Source Timestamp Field","paramType-mapping":"Expression","default":"LastModifiedDate","paramtype":"Expression","aggregate":"false","varFuncExpr":"true","udf":"true","originalPath":"exp_cdc"},"newFlatFile":false,"newObject":false,"showBusinessNames":true,"naturalOrder":true,"truncateTarget":false,"bulkApiDBTarget":false,"customFuncCfg":{"@type":"customFuncConfig","id":-1,"connections":[],"inputMap":[],"outputFields":[]},"targetRefsV2":{},"targetUpdateColumns":[],"runtimeAttrs":{},"isRESTModernSource":true,"isFileList":false,"handleSpecialChars":false,"handleDecimalRoundOff":false,"frsAsset":false,"dynamicFileName":false,"excludeDynamicFileNameField":false,"currentlyProcessedFileName":false,"retainFieldMetadata":false,"useExactSrcNames":false,"tgtObjectAttributes":{},"runtimeParameterData":{"@type":"mtTaskRuntimeParameterData","isConnectionRuntimeParameter":false,"isObjectRuntimeParameter":false},"overridableProperties":[],"overriddenFields":[]},{"@type":"mtTaskParameter","id":773127715,"name":"$p_field_map$","type":"STRING","text":"string (80, 0) IDS=Id;string (80, 0) OWNERID=OwnerId;decimal (38, 0) ISDELETED=IsDeleted;string (320, 0) NAME=Name;string (40, 0) CURRENCYISOCODE=CurrencyIsoCode;string (80, 0) RECORDTYPEID=RecordTypeId;date/time (29, 9) CREATEDDATE=CreatedDate;string (80, 0) CREATEDBYID=CreatedById;date/time (29, 9) LASTMODIFIEDDATE=LastModifiedDate;string (80, 0) LASTMODIFIEDBYID=LastModifiedById;date/time (29, 9) SYSTEMMODSTAMP=SystemModstamp;date/time (29, 9) LASTACTIVITYDATE=LastActivityDate;date/time (29, 9) LASTVIEWEDDATE=LastViewedDate;date/time (29, 9) LASTREFERENCEDDATE=LastReferencedDate;string (80, 0) CONNECTIONRECEIVEDID=ConnectionReceivedId;string (80, 0) CONNECTIONSENTID=ConnectionSentId;string (400, 0) MEDIO=Medio__c;string (80, 0) NOMBRE_PROVEEDOR=Nombre_Proveedor__c;string (200, 0) CEDULA_POR_ORDEN_DE=Cedula_por_orden_de__c;string (1020, 0) POR_CUENTA_DE=Por_cuenta_de__c;string (80, 0) CEDULA_CLIENTE_POR_CUENTA_DE=Cedula_cliente_por_cuenta_de__c;string (1020, 0) NOMBRE_DEL_BENEFICIARIO=Nombre_del_beneficiario__c;string (80, 0) CEDULA_CLIENTE_A_FAVOR_DE=Cedula_Cliente_a_favor_de__c;decimal (38, 0) MONTO=Monto__c;date/time (29, 9) FECHA_INICIO=Fecha_Inicio__c;date/time (29, 9) FECHA_FINAL=Fecha_Final__c;string (2000, 0) GARANTIZANDO=Garantizando__c;decimal (38, 0) GARANT_A_PARTICIPACI_N=Garant_a_Participaci_n__c;string (200, 0) CONTRAGARANTIA=Contragarantia__c;string (200, 0) ENMIENDA_DEL=Enmienda_del__c;string (200, 0) FECHA_DE_IMPRESION_FORMULADO=Fecha_de_impresion_formulado__c;string (80, 0) CONTRAGARANTIAS=Contragarantias__c;string (200, 0) ESTADO=Estado__c;decimal (38, 0) TOTAL_DIAS=Total_dias__c;date/time (29, 9) FECHA_DE_SOLICITUD=Fecha_de_Solicitud__c;string (200, 0) TIPO_DE_ENMIENDA=Tipo_de_enmienda__c;decimal (38, 0) CREA_ENMIENDA=Crea_enmienda__c;string (200, 0) CEDULA_FUNCIONARIO=Cedula_funcionario__c;decimal (38, 0) VALOR_TRIMESTRE=Valor_trimestre__c;decimal (38, 0) FACTOR_TRIMESTRE=Factor_trimestre__c;decimal (38, 0) COMISION_POR_MONTOGC=comision_por_montogc__c;decimal (38, 0) COMISION_X_COBRARGC=Comision_x_cobrargc__c;decimal (38, 0) GARANT_A_CUMPLIMIENTO=Garant_a_Cumplimiento__c;decimal (38, 0) COMISION_POR_MONTOGP=comision_por_montogp__c;decimal (38, 0) COMISION_X_COBRARGP=Comision_x_cobrargp__c;string (80, 0) CONFIGURACI_N_GENERAL=Configuraci_n_General__c;decimal (38, 0) TC_VENTA=TC_Venta__c;string (400, 0) NOMBRE_OFICINA_EMISORA=Nombre_oficina_emisora__c;decimal (38, 0) GARANTIA_PART=Garantia_Part__c;decimal (38, 0) BLOQUEO_ENMIENDA=Bloqueo_enmienda__c;string (400, 0) MONTO_TEXTO=Monto_Texto__c;string (200, 0) UNIDAD_EJECUTORA=Unidad_Ejecutora__c;date/time (29, 9) HOY=hoy__c;string (200, 0) DIA=dia__c;string (200, 0) DIA_II=dia_II__c;string (200, 0) MES=mes__c;string (200, 0) ANO=ano__c;string (200, 0) FECHA_IMPRESION_PDF=Fecha_impresion_pdf__c;string (200, 0) TIPO_DE_GARANTIA=Tipo_de_garantia__c;string (2000, 0) GARANTIZANDO2=Garantizando2__c;string (80, 0) NUMERACION_HISTORICA=Numeracion_Historica__c;string (200, 0) CUENTA=Cuenta__c;decimal (38, 0) COMISION_GENERAL=Comision_General__c;string (80, 0) MONEDA=Moneda__c;string (400, 0) N_FORMA_DE_PAGO=N_Forma_de_Pago__c;string (200, 0) UE_CLIENTE=UE_Cliente__c;string (400, 0) RESPONSABLE_BCR=Responsable_BCR__c;string (400, 0) RESPONSABLE_ADJUNTO_BCR=Responsable_Adjunto_BCR__c;","label":"Target Field Map (p_field_map)","description":"Map incoming fields on the left to target fields on the right.","uiProperties":{"paramName":"p_field_map","paramLabel":"Target Field Map","paramType-mapping":"FieldMapping","paramtype":"Fieldmap","supressFieldmappingSuffix":"true","lefttitle":"Incoming Fields","righttitle":"Target Fields","originalPath":"tgt"},"newFlatFile":false,"newObject":false,"showBusinessNames":true,"naturalOrder":true,"truncateTarget":false,"bulkApiDBTarget":false,"customFuncCfg":{"@type":"customFuncConfig","id":-1,"connections":[],"inputMap":[],"outputFields":[]},"targetRefsV2":{},"targetUpdateColumns":[],"runtimeAttrs":{},"isRESTModernSource":true,"isFileList":false,"handleSpecialChars":false,"handleDecimalRoundOff":false,"frsAsset":false,"dynamicFileName":false,"excludeDynamicFileNameField":false,"currentlyProcessedFileName":false,"retainFieldMetadata":false,"useExactSrcNames":false,"tgtObjectAttributes":{},"runtimeParameterData":{"@type":"mtTaskRuntimeParameterData","isConnectionRuntimeParameter":false,"isObjectRuntimeParameter":false},"overridableProperties":[],"overriddenFields":[]},{"@type":"mtTaskParameter","id":773127718,"name":"$p_field_map_dummy$","type":"STRING","text":"nstring (255, 0) ID=INOUT_infa_max_value;","label":"Dummy Field Map (p_field_map_dummy)","description":"Map \\'INOUT_infa_max_value\\' incoming field that contains in-out parameter, v_max_value, to a field in the dummy target. \\n\\nYou must map this field to a dummy target field so that the parameter value is calculated correctly.\\n\\nNote: No data is written to the dummy target.","uiProperties":{"paramName":"p_field_map_dummy","paramLabel":"Dummy Field Map","paramType-mapping":"FieldMapping","paramtype":"Fieldmap","supressFieldmappingSuffix":"true","lefttitle":"Incoming Fields","righttitle":"Target Fields","originalPath":"tgt_dummy"},"newFlatFile":false,"newObject":false,"showBusinessNames":true,"naturalOrder":true,"truncateTarget":false,"bulkApiDBTarget":false,"customFuncCfg":{"@type":"customFuncConfig","id":-1,"connections":[],"inputMap":[],"outputFields":[]},"targetRefsV2":{},"targetUpdateColumns":[],"runtimeAttrs":{},"isRESTModernSource":true,"isFileList":false,"handleSpecialChars":false,"handleDecimalRoundOff":false,"frsAsset":false,"dynamicFileName":false,"excludeDynamicFileNameField":false,"currentlyProcessedFileName":false,"retainFieldMetadata":false,"useExactSrcNames":false,"tgtObjectAttributes":{},"runtimeParameterData":{"@type":"mtTaskRuntimeParameterData","isConnectionRuntimeParameter":false,"isObjectRuntimeParameter":false},"overridableProperties":[],"overriddenFields":[]}],"sequences":[],"inOutParameters":[{"@type":"mtTaskInOutParameter","id":"-1","name":"v_max_value","description":"Use '1900-01-01T00:00:00Z' format","initialValue":"1900-01-01T00:00:00Z","datatype":"STRING","precision":"255","scale":"0","retentionPolicy":"ON_SUCCESS","aggregationType":"MAX","currentValue":"2022-10-11T21:16:57Z"}],"connRuntimeAttrs":[]}]