[{"@type":"mappingTemplate","id":"@1","name":"Mp_Valores_Clientes_BCR","description":"","bundleVersion":"0","templateId":"@3","deployTime":1685218849000,"hasParameters":false,"valid":true,"fixedConnection":true,"hasParametersDeployed":false,"fixedConnectionDeployed":true,"isSchemaValidationEnabled":false,"tasks":1,"mappingPreviewFileRecordId":"@2","documentType":"MAPPING","references":[{"@type":"reference","refObjectId":"@9f42UdQJhlwgsq1aqxwYiv","refType":"connection"},{"@type":"reference","refObjectId":"@8CfiILKcpADdxjkB2lT1cq","refType":"connection"}]}]