[{"@type":"mappingTemplate","id":"@1","name":"Mp_Marchamos_Pago_BCR","description":"WF de Marchamos BCR","bundleVersion":"0","templateId":"@3","deployTime":1654232847000,"hasParameters":false,"valid":true,"fixedConnection":true,"hasParametersDeployed":false,"fixedConnectionDeployed":true,"isSchemaValidationEnabled":false,"tasks":1,"mappingPreviewFileRecordId":"@2","documentType":"MAPPING","references":[{"@type":"reference","refObjectId":"@8CfiILKcpADdxjkB2lT1cq","refType":"connection"},{"@type":"reference","refObjectId":"@9vSe6kBwjsolrjgsuUb2i4","refType":"connection"}]}]