[{"@type":"mtTask","id":"@1","name":"Mt_MOCCI_OPC_CLIENTES_BCR","description":"MAPA DE CARGA DE DEPOSITOS_JUDICIALES_BCR  ","runtimeEnvironmentId":"@2KlpZ4hk80PgrgH0CxoRcH","maxLogs":10,"verbose":false,"lastRunTime":1681448448000,"mappingId":"@9y2ji73UXCNkgX5KD70ayr","frsGuid":"aCn5aUasaORftCJFBxQPMN","shortDescription":"MAPA DE CARGA DE DEPOSITOS_JUDICIALES_BCR  ","sessionPropertiesList":[{"name":"Allow Temporary Sequence for Pushdown","value":"NO","recommended":false},{"name":"Allow Temporary View for Pushdown","value":"NO","recommended":false},{"name":"Pushdown Optimization","value":"None","recommended":false},{"name":"Pushdown Optimization Context","value":"None","recommended":false},{"name":"Run Only In Pushdown Mode","value":"NO","recommended":false}],"enableCrossSchemaPushdown":true,"enableParallelRun":false,"autoTunedApplied":false,"autoTunedAppliedType":"NONE","paramFileType":"PARAM_FILE_LOCAL","schemaMode":"async","valid":true,"schemaValidationErrorCount":-1,"parameterFileEncoding":"UTF-8","serverlessProperties":{},"taskProperties":[{"@type":"taskProperty","name":"parameterFileDir","currentValue":"","type":"STRING","label":"label.parameterFileDir","required":false},{"@type":"taskProperty","name":"parameterFileName","currentValue":"","type":"STRING","label":"label.parameterFileName","required":false}],"parameters":[{"@type":"mtTaskParameter","id":719452417,"name":"$src_OPC_Clientes_BCR$","type":"EXTENDED_SOURCE","label":"src_OPC_Clientes_BCR","uiProperties":{"connectionParameterized":"false","isSelectDistinct":"false","isMsrcFilterParameterized":"false","isMsrcSortParameterized":"false","objectParameterized":"false","visible":"false","originalPath":"src_OPC_Clientes_BCR"},"sourceConnectionId":"@39oPXTr3NGuggrNieuIGg3","newFlatFile":false,"newObject":false,"showBusinessNames":false,"naturalOrder":true,"truncateTarget":false,"bulkApiDBTarget":false,"customFuncCfg":{"@type":"customFuncConfig","id":-1,"connections":[],"inputMap":[],"outputFields":[]},"targetRefsV2":{},"targetUpdateColumns":[],"extendedObject":{"@type":"extendedObject","object":{"@type":"mObject","name":"PROCESO_BLACKHOLE","label":"PROCESO_BLACKHOLE","metadataUpdated":false,"relations":[],"children":[]},"singleMode":true,"objects":[{"@type":"mObject","name":"PROCESO_BLACKHOLE","label":"PROCESO_BLACKHOLE","metadataUpdated":false,"relations":[],"children":[]}],"filters":[],"sortFields":[]},"runtimeAttrs":{},"isRESTModernSource":true,"isFileList":false,"handleSpecialChars":false,"handleDecimalRoundOff":false,"frsAsset":false,"dynamicFileName":false,"excludeDynamicFileNameField":false,"currentlyProcessedFileName":false,"retainFieldMetadata":false,"useExactSrcNames":false,"tgtObjectAttributes":{},"runtimeParameterData":{"@type":"mtTaskRuntimeParameterData","isConnectionRuntimeParameter":false,"isObjectRuntimeParameter":false},"overridableProperties":[],"overriddenFields":[]},{"@type":"mtTaskParameter","id":719452420,"name":"$tgt_DL_OPC_CLIENTES_ACTIVOS$","type":"TARGET","label":"tgt_DL_OPC_CLIENTES_ACTIVOS","uiProperties":{"connectionParameterized":"false","objectParameterized":"false","visible":"false","defaultTargetUpdateColumns":"","supportApplyDDLChanges":"false","originalPath":"tgt_DL_OPC_CLIENTES_ACTIVOS"},"targetConnectionId":"@39oPXTr3NGuggrNieuIGg3","targetObject":"DL_OPC_CLIENTES_ACTIVOS","targetObjectLabel":"DL_OPC_CLIENTES_ACTIVOS","newFlatFile":false,"newObject":false,"showBusinessNames":false,"naturalOrder":true,"truncateTarget":true,"bulkApiDBTarget":false,"operationType":"Insert","customFuncCfg":{"@type":"customFuncConfig","id":-1,"connections":[],"inputMap":[],"outputFields":[]},"targetRefsV2":{},"targetUpdateColumns":[],"extendedObject":{"@type":"extendedObject","singleMode":true,"filters":[],"sortFields":[]},"runtimeAttrs":{},"isRESTModernSource":true,"isFileList":false,"handleSpecialChars":false,"handleDecimalRoundOff":false,"frsAsset":false,"dynamicFileName":false,"excludeDynamicFileNameField":false,"currentlyProcessedFileName":false,"retainFieldMetadata":false,"objectName":"DL_OPC_CLIENTES_ACTIVOS","objectLabel":"DL_OPC_CLIENTES_ACTIVOS","useExactSrcNames":false,"tgtObjectAttributes":{},"runtimeParameterData":{"@type":"mtTaskRuntimeParameterData","isConnectionRuntimeParameter":false,"isObjectRuntimeParameter":false},"overridableProperties":[],"overriddenFields":[]},{"@type":"mtTaskParameter","id":719452423,"name":"$SQL_OPC_Clientes_Activos$","type":"CONNECTION","label":"SQL_OPC_Clientes_Activos","uiProperties":{"connectionParameterized":"false","objectParameterized":"false","isSQLConnectionParam":"true","originalPath":"SQL_OPC_Clientes_Activos"},"transfConnectionId":"@jHUb8gHMTyYjBw9P0wq585","newFlatFile":false,"newObject":false,"showBusinessNames":true,"naturalOrder":true,"truncateTarget":false,"bulkApiDBTarget":false,"customFuncCfg":{"@type":"customFuncConfig","id":-1,"connections":[],"inputMap":[],"outputFields":[]},"targetRefsV2":{},"targetUpdateColumns":[],"runtimeAttrs":{},"isRESTModernSource":true,"customQuery":"SELECT\t\n\nMAX(CO.num_identificacion) cedula, \nMAX(CO.cod_tipo_identificacion) tipo_id , \nCO.cod_fondo AS cod_fondo ,\ncount (CO.cod_fondo) cantidad_productos,\ncase \nwhen CO.cod_fondo =1 then 'FCL' \nwhen CO.cod_fondo =2 then 'ROPC'\nwhen CO.cod_fondo IN (3) then 'FONDO VOLUNTARIO COLONES A '\nwhen CO.cod_fondo IN (7) then 'FONDO VOLUNTARIO COLONES B'\nwhen CO.cod_fondo IN (4) then 'FONDO VOLUNTARIO DOLARES A'\nwhen CO.cod_fondo IN (8) then 'FONDO VOLUNTARIO DOLARES B '\nELSE 'N/A' END Tipo_fondo,\n\nPE.nom_nombre_completo,\ndatediff(year,PE.fec_nacimiento ,getdate()) AS Edad,\nSUM(SA.monto) monto, \nmax(CO.ind_estado) estado\nFROM\tAFD_CONTRATOS CO\n\t\tINNER JOIN PER_DATOS PE ON\n\t\t\tPE.cod_tipo_identificacion = CO.cod_tipo_identificacion AND\n\t\t\tPE.num_identificacion = CO.num_identificacion \n\t\t\tAND datediff(year,PE.fec_nacimiento ,getdate()) >18\n\n\t\n\t\tLEFT OUTER JOIN \n\t\t(\n\t\t\tSELECT\tcod_fondo, num_contrato, sum(mon_saldo) monto, sum(can_cuotas) cuotas\n\t\t\tFROM\tPAS_SALDOS SA\n\t\t\tGROUP BY cod_fondo, num_contrato\n\n\t\t) SA ON\n\t\t\tSA.num_contrato = CO.num_contrato AND\n\t\t\tSA.cod_fondo = CO.cod_fondo \n\t    LEFT OUTER JOIN PADRON..PADRON PA ON \n\t\t\tPA.CEDULA= CO.num_identificacion and\n\t\t\tPA.MUERTO <>1\n\n\n\t\tWHERE  \n\t\tCO.cod_fondo  in (1,2,3,4,7,8) \n\t\tand SA.monto   <> 0  \n\t\tand CO.ind_estado='A'  \n\t\tAND CO.ind_tipo_plan ='ACU' ---con solo esto ya excluye pensionados\n\t\n\t\t\n\ngroup by CO.cod_fondo \n,PE.nom_nombre_completo, PE.fec_nacimiento","isFileList":false,"handleSpecialChars":false,"handleDecimalRoundOff":false,"frsAsset":false,"dynamicFileName":false,"excludeDynamicFileNameField":false,"currentlyProcessedFileName":false,"retainFieldMetadata":false,"useExactSrcNames":false,"tgtObjectAttributes":{},"runtimeParameterData":{"@type":"mtTaskRuntimeParameterData","isConnectionRuntimeParameter":false,"isObjectRuntimeParameter":false},"overridableProperties":[],"nmoSubType":"ENTERED_QUERY","overriddenFields":[]}],"sequences":[],"inOutParameters":[{"@type":"mtTaskInOutParameter","id":"-1","name":"in_ID_Proceso_Carga","description":"","initialValue":"","datatype":"INTEGER","precision":"10","scale":"0","retentionPolicy":"ON_SUCCESS_OR_WARNING","aggregationType":"MAX","currentValue":"5523450"},{"@type":"mtTaskInOutParameter","id":"-1","name":"mp_Fecha_Ult_Carga","description":"","initialValue":"","datatype":"STRING","precision":"30","scale":"0","retentionPolicy":"ON_SUCCESS_OR_WARNING","aggregationType":"MAX","currentValue":""}],"connRuntimeAttrs":[]}]