[{"@type":"mtTask","id":"@1","name":"Mt_MOCCI_CARGOS_AUTOMATICOS_BCR","description":"MAPA DE CARGA DE CARGOS_AUTOMATICOS_BCR","runtimeEnvironmentId":"@2KlpZ4hk80PgrgH0CxoRcH","maxLogs":10,"verbose":false,"lastRunTime":1656117434000,"mappingId":"@8lFPo1LJr0WjaPAE43PFOY","frsGuid":"2K0jP3aygMsfRnphOZq86z","shortDescription":"MAPA DE CARGA DE CARGOS_AUTOMATICOS_BCR","sessionPropertiesList":[{"name":"Allow Temporary Sequence for Pushdown","value":"NO","recommended":false},{"name":"Allow Temporary View for Pushdown","value":"NO","recommended":false},{"name":"Pushdown Optimization","value":"None","recommended":false},{"name":"Pushdown Optimization Context","value":"None","recommended":false},{"name":"Run Only In Pushdown Mode","value":"NO","recommended":false}],"enableCrossSchemaPushdown":true,"enableParallelRun":false,"autoTunedApplied":false,"autoTunedAppliedType":"NONE","paramFileType":"PARAM_FILE_LOCAL","schemaMode":"async","valid":true,"schemaValidationErrorCount":-1,"parameterFileEncoding":"UTF-8","serverlessProperties":{},"taskProperties":[{"@type":"taskProperty","name":"parameterFileDir","currentValue":"","type":"STRING","label":"label.parameterFileDir","required":false},{"@type":"taskProperty","name":"parameterFileName","currentValue":"","type":"STRING","label":"label.parameterFileName","required":false}],"parameters":[{"@type":"mtTaskParameter","id":546355474,"name":"$Sc_CAR_Clientes_SQL$","type":"EXTENDED_SOURCE","label":"Sc_CAR_Clientes_SQL","uiProperties":{"connectionParameterized":"false","isSelectDistinct":"false","isMsrcFilterParameterized":"false","isMsrcSortParameterized":"false","objectParameterized":"false","visible":"false","originalPath":"Sc_CAR_Clientes_SQL"},"sourceConnectionId":"@9gEOXYeF1Qwl1PMzmhsO2z","newFlatFile":false,"newObject":false,"showBusinessNames":false,"naturalOrder":true,"truncateTarget":false,"bulkApiDBTarget":false,"customFuncCfg":{"@type":"customFuncConfig","id":-1,"connections":[],"inputMap":[],"outputFields":[]},"targetRefsV2":{},"targetUpdateColumns":[],"extendedObject":{"@type":"extendedObject","object":{"@type":"mObject","name":"Clientes","label":"Clientes","metadataUpdated":false,"relations":[],"children":[]},"singleMode":true,"objects":[{"@type":"mObject","name":"Clientes","label":"Clientes","metadataUpdated":false,"relations":[],"children":[]}],"filters":[],"sortFields":[]},"runtimeAttrs":{},"isRESTModernSource":true,"isFileList":false,"handleSpecialChars":false,"handleDecimalRoundOff":false,"frsAsset":false,"dynamicFileName":false,"excludeDynamicFileNameField":false,"currentlyProcessedFileName":false,"retainFieldMetadata":false,"useExactSrcNames":false,"tgtObjectAttributes":{},"runtimeParameterData":{"@type":"mtTaskRuntimeParameterData","isConnectionRuntimeParameter":false,"isObjectRuntimeParameter":false},"overridableProperties":[],"overriddenFields":[]},{"@type":"mtTaskParameter","id":546355477,"name":"$Sc_CAR_Empresas_SQL$","type":"EXTENDED_SOURCE","label":"Sc_CAR_Empresas_SQL","uiProperties":{"connectionParameterized":"false","isSelectDistinct":"false","isMsrcFilterParameterized":"false","isMsrcSortParameterized":"false","objectParameterized":"false","visible":"false","originalPath":"Sc_CAR_Empresas_SQL"},"sourceConnectionId":"@9gEOXYeF1Qwl1PMzmhsO2z","newFlatFile":false,"newObject":false,"showBusinessNames":false,"naturalOrder":true,"truncateTarget":false,"bulkApiDBTarget":false,"customFuncCfg":{"@type":"customFuncConfig","id":-1,"connections":[],"inputMap":[],"outputFields":[]},"targetRefsV2":{},"targetUpdateColumns":[],"extendedObject":{"@type":"extendedObject","object":{"@type":"mObject","name":"Empresas","label":"Empresas","metadataUpdated":false,"relations":[],"children":[]},"singleMode":true,"objects":[{"@type":"mObject","name":"Empresas","label":"Empresas","metadataUpdated":false,"relations":[],"children":[]}],"filters":[],"sortFields":[]},"runtimeAttrs":{},"isRESTModernSource":true,"isFileList":false,"handleSpecialChars":false,"handleDecimalRoundOff":false,"frsAsset":false,"dynamicFileName":false,"excludeDynamicFileNameField":false,"currentlyProcessedFileName":false,"retainFieldMetadata":false,"useExactSrcNames":false,"tgtObjectAttributes":{},"runtimeParameterData":{"@type":"mtTaskRuntimeParameterData","isConnectionRuntimeParameter":false,"isObjectRuntimeParameter":false},"overridableProperties":[],"overriddenFields":[]},{"@type":"mtTaskParameter","id":546355480,"name":"$Sc_CAR_MaestroServicios_SQL$","type":"EXTENDED_SOURCE","label":"Sc_CAR_MaestroServicios_SQL","uiProperties":{"connectionParameterized":"false","isSelectDistinct":"false","isMsrcFilterParameterized":"false","isMsrcSortParameterized":"false","objectParameterized":"false","visible":"false","originalPath":"Sc_CAR_MaestroServicios_SQL"},"sourceConnectionId":"@9gEOXYeF1Qwl1PMzmhsO2z","newFlatFile":false,"newObject":false,"showBusinessNames":false,"naturalOrder":true,"truncateTarget":false,"bulkApiDBTarget":false,"customFuncCfg":{"@type":"customFuncConfig","id":-1,"connections":[],"inputMap":[],"outputFields":[]},"targetRefsV2":{},"targetUpdateColumns":[],"extendedObject":{"@type":"extendedObject","object":{"@type":"mObject","name":"MaestroServicios","label":"MaestroServicios","metadataUpdated":false,"relations":[],"children":[]},"advancedFilterExpression":"MaestroServicios.FechaRegistro>= convert(varchar(20), '$$mp_Fecha_Ult_Carga', 120) and MaestroServicios.FechaRegistro <= convert(varchar(20), GETDATE(), 120) ","singleMode":true,"objects":[{"@type":"mObject","name":"MaestroServicios","label":"MaestroServicios","metadataUpdated":false,"relations":[],"children":[]}],"filters":[],"sortFields":[]},"runtimeAttrs":{},"isRESTModernSource":true,"isFileList":false,"handleSpecialChars":false,"handleDecimalRoundOff":false,"frsAsset":false,"dynamicFileName":false,"excludeDynamicFileNameField":false,"currentlyProcessedFileName":false,"retainFieldMetadata":false,"useExactSrcNames":false,"tgtObjectAttributes":{},"runtimeParameterData":{"@type":"mtTaskRuntimeParameterData","isConnectionRuntimeParameter":false,"isObjectRuntimeParameter":false},"overridableProperties":[],"overriddenFields":[]},{"@type":"mtTaskParameter","id":546355483,"name":"$tg_CARGOS_AUTOMATICOS_RAW$","type":"TARGET","label":"tg_CARGOS_AUTOMATICOS_RAW","uiProperties":{"connectionParameterized":"false","objectParameterized":"false","visible":"false","defaultTargetUpdateColumns":"","supportApplyDDLChanges":"false","originalPath":"tg_CARGOS_AUTOMATICOS_RAW"},"targetConnectionId":"@8CfiILKcpADdxjkB2lT1cq","targetObject":"CARGOS_AUTOMATICOS_RAW","targetObjectLabel":"CARGOS_AUTOMATICOS_RAW","newFlatFile":false,"newObject":false,"showBusinessNames":false,"naturalOrder":true,"truncateTarget":false,"bulkApiDBTarget":true,"operationType":"Insert","customFuncCfg":{"@type":"customFuncConfig","id":-1,"connections":[],"inputMap":[],"outputFields":[]},"targetRefsV2":{},"targetUpdateColumns":[],"extendedObject":{"@type":"extendedObject","singleMode":true,"filters":[],"sortFields":[]},"runtimeAttrs":{},"isRESTModernSource":true,"isFileList":false,"handleSpecialChars":false,"handleDecimalRoundOff":false,"frsAsset":false,"dynamicFileName":false,"excludeDynamicFileNameField":false,"currentlyProcessedFileName":false,"retainFieldMetadata":false,"objectName":"CARGOS_AUTOMATICOS_RAW","objectLabel":"CARGOS_AUTOMATICOS_RAW","useExactSrcNames":false,"tgtObjectAttributes":{},"runtimeParameterData":{"@type":"mtTaskRuntimeParameterData","isConnectionRuntimeParameter":false,"isObjectRuntimeParameter":false},"overridableProperties":[],"overriddenFields":[]}],"sequences":[],"inOutParameters":[{"@type":"mtTaskInOutParameter","id":"-1","name":"in_ID_Proceso_Carga","description":"","initialValue":"","datatype":"INTEGER","precision":"10","scale":"0","retentionPolicy":"ON_SUCCESS_OR_WARNING","aggregationType":"MAX","currentValue":"5468868"},{"@type":"mtTaskInOutParameter","id":"-1","name":"mp_Fecha_Ult_Carga","description":"","initialValue":"","datatype":"STRING","precision":"29","scale":"0","retentionPolicy":"ON_SUCCESS_OR_WARNING","aggregationType":"MAX","currentValue":"20220101 00:00:01"},{"@type":"mtTaskInOutParameter","id":"-1","name":"mp_Fecha_Ini_Carga","description":"","initialValue":"","datatype":"STRING","precision":"29","scale":"0","retentionPolicy":"ON_SUCCESS_OR_WARNING","aggregationType":"MAX","currentValue":""}],"connRuntimeAttrs":[]}]