[{"@type":"mappingTemplate","id":"@1","name":"Mp_BCRSINPEMOVIL_Clientes_BCR","description":"Taks Flow de clientes BCRSINPE_MOVIL","bundleVersion":"0","templateId":"@3","deployTime":1656635468000,"hasParameters":false,"valid":true,"fixedConnection":true,"hasParametersDeployed":false,"fixedConnectionDeployed":true,"isSchemaValidationEnabled":false,"tasks":1,"mappingPreviewFileRecordId":"@2","documentType":"MAPPING","references":[{"@type":"reference","refObjectId":"@5QnfgFU4gWNdxOdI1FUZKA","refType":"connection"},{"@type":"reference","refObjectId":"@a2bB3Dl9odLfJ36BliQUce","refType":"connection"}]}]